crime_type_original,row_count,year_count,first_year,last_year,occurrence_total
부정수표단속법,33,33,1990,2022,250030.0
식품위생법,33,33,1990,2022,194419.0
자동차관리법,33,33,1990,2022,185533.0
저작권법,33,33,1990,2022,136572.0
병역법,33,33,1990,2022,118490.0
건축법,33,33,1990,2022,47282.0
도로법,33,33,1990,2022,47173.0
조세범처벌법,33,33,1990,2022,24919.0
상표법,33,33,1990,2022,22086.0
위증죄,33,33,1990,2022,17725.0
공갈,33,33,1990,2022,17233.0
의료법,33,33,1990,2022,15654.0
약사법,33,33,1990,2022,11608.0
주차장법,33,33,1990,2022,10257.0
주민등록법,33,33,1990,2022,9002.0
변호사법,33,33,1990,2022,4282.0
폐기물관리법,33,33,1990,2022,2997.0
국가보안법,33,33,1990,2022,1600.0
실용신안법,33,33,1990,2022,1459.0
여권법,33,33,1990,2022,829.0
범인은닉·범인도피죄,33,33,1990,2022,773.0
비밀침해죄,33,33,1990,2022,351.0
고압가스안전관리법,33,33,1990,2022,349.0
산업안전보건법,33,33,1990,2022,183.0
하천법,32,32,1990,2022,614.0
문화재보호법,32,32,1990,2022,341.0
근로기준법,32,32,1990,2022,197.0
특허법,31,31,1992,2022,1701.0
손괴의죄,30,30,1990,2022,164682.0
공무상비밀누설,30,30,1990,2022,132.0
사문서위조·변조,29,29,1994,2022,60550.0
특가법(도주차량),29,29,1994,2022,53577.0
도박,29,29,1994,2022,36935.0
공문서위조·변조,29,29,1994,2022,26163.0
경범죄처벌법,29,29,1994,2022,16901.0
출입국관리법,29,29,1994,2022,5757.0
도박개장,29,29,1994,2022,5401.0
직업안정법,29,29,1994,2022,3729.0
대기환경보전법,29,29,1994,2022,3100.0
직무유기·수행거부,29,29,1994,2022,2745.0
보건범죄특조법(부정의료업자),29,29,1994,2022,2419.0
부당이득,29,29,1994,2022,483.0
특가법(보복범죄등),29,29,1994,2022,425.0
도시가스사업법,29,29,1994,2022,366.0
특경법(알선수재),29,29,1994,2022,199.0
산림법,28,28,1990,2022,522.0
특가법(뇌물),28,28,1995,2022,224.0
수도법,27,27,1994,2022,433.0
특경법(공갈),27,27,1994,2022,117.0
보건범죄특조법(부정의약품),27,27,1995,2022,116.0
청소년보호법,26,26,1997,2022,54598.0
여신전문금융업법위반,26,26,1997,2022,20263.0
관세법,26,26,1990,2022,639.0
밀항단속법,26,26,1990,2019,295.0
특경법(수재등),26,26,1995,2022,113.0
하수도법,26,26,1994,2022,99.0
특가법(알선수재),26,26,1994,2022,75.0
특가법(조세),25,25,1995,2022,1074.0
자살교사·방조,25,25,1995,2022,71.0
특가법(통화위조),24,24,1996,2020,8698.0
아동복지법,24,24,1990,2013,661.0
보건범죄특조법(부정식품),24,24,1994,2021,126.0
특가법(장물),23,23,1994,2020,384.0
공갈(상습),23,23,1996,2022,354.0
특경법(사금융알선등),23,23,1996,2022,66.0
간통,22,22,1994,2015,14743.0
골재채취법,22,22,1994,2020,72.0
총범죄,21,21,1990,2010,7538152.0
형법범,21,21,1990,2010,3797321.0
특별법범,21,21,1990,2010,3740831.0
지능범,21,21,1990,2010,1144482.0
향토예비군설치법,21,21,1990,2010,218130.0
기타형법범,21,21,1990,2010,194146.0
기타특별법,21,21,1990,2010,127965.0
강력범,21,21,1990,2010,72000.0
풍속범,21,21,1990,2010,63686.0
공무방해에 관한 죄,21,21,1990,2010,49272.0
신용·업무와 경매에 관한 죄,21,21,1990,2010,31803.0
명예에 관한 죄,21,21,1990,2010,28096.0
집회 및 시위에 관한 법률,21,21,1990,2010,11749.0
실화 및 업무상실화죄,21,21,1990,2010,11620.0
주거침입의 죄,21,21,1990,2010,11386.0
컴퓨터프로그램보호법,21,21,1994,2015,4590.0
부동산중개업법,21,21,1990,2010,3210.0
총포·도검·화약류단속법,21,21,1990,2010,2178.0
교통 방해의 죄,21,21,1990,2010,1679.0
유기의 죄,21,21,1990,2010,607.0
기타통화에 관한 죄,21,21,1990,2010,517.0
상법,21,21,1990,2010,393.0
신앙에 관한 죄,21,21,1990,2010,267.0
공안을 해하는 죄,21,21,1990,2010,254.0
도주와 도주원조죄,21,21,1990,2010,60.0
편의시설부정이용,20,20,1998,2022,1055.0
음용수에 관한 죄,20,20,1990,2010,115.0
기타,19,19,2004,2022,26482.0
자동차손해배상보장법,19,19,2004,2022,11017.0
화물자동차운수사업법,19,19,2004,2022,8208.0
유해화학물질관리법,19,19,1992,2010,7823.0
윤락행위등방지법,19,19,1990,2009,6759.0
공중위생관리법,19,19,2004,2022,5321.0
건설산업기본법,19,19,2004,2022,3541.0
여객자동차운수사업법,19,19,2004,2022,3364.0
외국환거래법,19,19,2004,2022,3171.0
전기통신기본법,19,19,2004,2022,3064.0
철도법,19,19,1990,2008,2143.0
담배사업법,19,19,2004,2022,1690.0
의장법,19,19,1990,2008,1371.0
사전자기록등위작·변작,19,19,2004,2022,1268.0
국민건강보험법,19,19,2004,2022,912.0
통신비밀보호법,19,19,2004,2022,579.0
지방세법,19,19,2004,2022,439.0
농지법,19,19,2004,2022,400.0
전파법,19,19,2004,2022,259.0
국민연금법,19,19,2004,2022,252.0
자연공원법,19,19,2004,2022,147.0
특경법(재산국외도피),19,19,1994,2020,33.0
공전자기록등위작·변작,18,18,2005,2022,101.0
피의사실공표,18,18,1993,2022,33.0
풍속영업의 규제에 관한 법률,17,17,1994,2010,14746.0
과실사상의 죄,17,17,1994,2010,11957.0
권리행사를 방해하는 죄,17,17,1994,2010,11748.0
유가증권위(변)조,17,17,1994,2010,9307.0
무고의 죄,17,17,1994,2010,9280.0
통화위(변)조,17,17,1994,2010,5780.0
장물에 관한죄,17,17,1994,2010,5223.0
공직선거법,17,17,2006,2022,2983.0
상습도박,17,17,1994,2010,2277.0
방문판매등에 관한 법률,17,17,1994,2010,2219.0
사행행위등 규제 및 처벌특례법,17,17,1994,2010,1556.0
수질환경보전법,17,17,1992,2008,1394.0
체포감금,17,17,1994,2010,984.0
공인위조·부정사용행사,17,17,1994,2010,918.0
음화등반포(판매·임대·전시·제조),17,17,1994,2010,647.0
전투경찰대설치법,17,17,1994,2010,558.0
액화석유가스의 안전 및 사업관리법,17,17,1994,2010,515.0
뇌물수수·요구·약속,17,17,1994,2010,482.0
미성년자약취유인,17,17,1994,2010,344.0
소음·진동규제법,17,17,1994,2010,315.0
직권남용(권리행사방해체포·감금),17,17,1994,2010,255.0
허위감정·증거인멸은닉·증인은닉죄,17,17,1994,2010,254.0
양곡관리법,17,17,1990,2020,105.0
낙태의 죄,17,17,1994,2010,72.0
직권남용,16,16,1990,2022,1962.0
도시공원및녹지등에관한법률,16,16,2007,2022,333.0
조수보호 및 수렵에 관한 법률,16,16,1990,2006,313.0
특경법(증재등),16,16,1995,2020,119.0
체포·감금치사·상(중·특수·상습),16,16,1994,2010,99.0
특가법(영리약취·유인),16,16,1994,2010,77.0
특가법(위험운전치사상),15,15,2008,2022,23920.0
도시계획법,15,15,1990,2004,7400.0
자동차운수사업법,15,15,1990,2004,6307.0
뇌물공여·약속·의사표시,15,15,1995,2010,388.0
오수·분뇨 및 축산폐수의 처리에 관한 법률,15,15,1994,2010,326.0
사인등위조·부정사용행사,15,15,1995,2010,309.0
부녀매매,15,15,1994,2010,165.0
화염병사용등의 처벌에 관한 법률,15,15,1994,2010,165.0
존속체포감금,15,15,1994,2010,29.0
공중위생법,14,14,1990,2003,13507.0
학원의설립·운영에관한법률,14,14,1990,2003,2130.0
석유사업법,14,14,1990,2014,1393.0
부정경쟁방지법,14,14,1990,2003,839.0
자동차·선박등불법사용,14,14,1997,2010,583.0
공연법,14,14,1990,2009,288.0
특가법(범죄단체조직),14,14,1994,2009,42.0
체포감금(특수),14,14,1994,2010,23.0
미성년자보호법,13,13,1990,2002,3163.0
디자인보호법,13,13,2010,2022,1016.0
철도안전법,13,13,2010,2022,605.0
국외이송약취유인,13,13,1994,2009,24.0
새마을금고법,13,13,1994,2010,22.0
일수와 수리에 관한 죄,13,13,1990,2010,14.0
특가법(관세),13,13,1994,2019,13.0
총계,12,12,2011,2022,3913520.0
지능범죄,12,12,2011,2022,898433.0
교통범죄,12,12,2011,2022,789464.0
기타범죄,12,12,2011,2022,489751.0
특별경제범죄,12,12,2011,2022,196065.0
손괴,12,12,2011,2022,133220.0
명예에관한죄,12,12,2011,2022,83168.0
강력범죄,12,12,2011,2022,77750.0
풍속범죄,12,12,2011,2022,64700.0
"신용,업무와경매에관한죄",12,12,2011,2022,60022.0
성풍속범죄,12,12,2011,2022,49268.0
보건범죄,12,12,2011,2022,45614.0
병역범죄,12,12,2011,2022,45572.0
문서·인장,12,12,2011,2022,34416.0
공무방해에관한죄,12,12,2011,2022,33824.0
주거침입의죄,12,12,2011,2022,32991.0
예비군법위반,12,12,2011,2022,25488.0
전자금융거래법위반,12,12,2011,2022,18416.0
음악산업진흥에관한법률,12,12,2011,2022,16230.0
도박범죄,12,12,2011,2022,15432.0
권리행사를방해하는죄,12,12,2011,2022,15349.0
통화,12,12,2011,2022,15306.0
무고의죄,12,12,2011,2022,12296.0
과실치사상의죄,12,12,2011,2022,11844.0
게임산업진흥에관한법률,12,12,2011,2022,11820.0
통화위조·변조,12,12,2011,2022,8984.0
기타보건범죄,12,12,2011,2022,5457.0
대부업의등록및금융이용자보호에관한법률,12,12,2011,2022,5300.0
실화및업무상실화죄,12,12,2011,2022,3974.0
장물에관한죄,12,12,2011,2022,3934.0
기타도박범죄,12,12,2011,2022,3819.0
유사수신행위의규제에관한법률,12,12,2011,2022,3554.0
개인정보보호법,12,12,2011,2022,3545.0
교통방해의죄,12,12,2011,2022,3522.0
음반에관한법률,12,12,1990,2002,2868.0
집회및시위에관한법률,12,12,2011,2022,2761.0
기타경제범죄,12,12,2011,2022,2743.0
노동범죄,12,12,2011,2022,2704.0
아동·청소년의성보호에관한법률위반(아동·청소년성착취물소지·제작·배포등),12,12,2011,2022,2528.0
체포·감금,12,12,2011,2022,2427.0
부정경쟁방지및영업비밀보호에관한법률,12,12,2011,2022,2134.0
선거범죄,12,12,2011,2022,2067.0
공인중개사법,12,12,2011,2022,1919.0
직무유기,12,12,2011,2022,1864.0
옥외광고물법위반,12,12,2011,2022,1748.0
기타통화에관한죄,12,12,2011,2022,1567.0
학원의설립·운영및과외교섭에관한법률,12,12,2011,2022,1524.0
기타노동범죄,12,12,2011,2022,1474.0
유가증권인지,12,12,2011,2022,1378.0
유가증권위조·변조,12,12,2011,2022,1377.0
직권남용(권리행사방해·체포·감금),12,12,2011,2022,1341.0
아동·청소년의성보호에관한법률위반(기타),12,12,2011,2022,1298.0
유기와학대의죄,12,12,2011,2022,1257.0
총포·도검·화약류등의안전관리에관한법률,12,12,2011,2022,1249.0
풍속영업의규제에관한법률,12,12,2011,2022,819.0
증수뢰,12,12,2011,2022,751.0
방문판매등에관한법률,12,12,2011,2022,695.0
안보범죄,12,12,2011,2022,688.0
건설업법,12,12,1990,2002,666.0
공인등의위조·부정사용및행사,12,12,2011,2022,640.0
불법사용,12,12,2011,2022,639.0
축산물위생관리법,12,12,2011,2022,625.0
약취·유인,12,12,2011,2022,613.0
환경범죄,12,12,2011,2022,613.0
도박(상습),12,12,2011,2022,607.0
국토의계획및이용에관한법률,12,12,2011,2022,497.0
아동·청소년의성보호에관한법률위반(성매수등),12,12,2011,2022,490.0
사인등의위조·부정사용및행사,12,12,2011,2022,428.0
신앙에관한죄,12,12,2011,2022,401.0
약취·유인(미성년자),12,12,2011,2022,392.0
공안을해하는죄,12,12,2011,2022,372.0
석유및석유대체연료사업법,12,12,2011,2022,361.0
뇌물수수등,12,12,2011,2022,343.0
채무자회생및파산에관한법률위반,12,12,2011,2022,342.0
"허위감정,증거인멸·은닉,증인은닉죄",12,12,2011,2022,340.0
기타환경범죄,12,12,2011,2022,262.0
영화및비디오물의진흥에관한법률,12,12,2011,2022,208.0
신용정보의이용및보호에관한법률,12,12,2011,2022,191.0
위치정보의보호및이용등에관한법률,12,12,2011,2022,187.0
뇌물공여등,12,12,2011,2022,134.0
체포·감금치사상(중·특수·상습),12,12,2011,2022,128.0
아동·청소년의성보호에관한법률위반(알선영업행위등),12,12,2011,2022,117.0
농수산물 유통 및 가격안정에 관한 법률,12,12,1994,2010,110.0
복표발매(중개·취득),12,12,1998,2022,110.0
액화석유가스의안전및사업관리법,12,12,2011,2022,86.0
아동·청소년의성보호에관한법률위반(강요행위등),12,12,2011,2022,71.0
존속체포·감금,12,12,2011,2022,49.0
폭발물파열(과실),12,12,1998,2011,27.0
가스·전기·증기공급사용방해,12,12,1999,2011,26.0
음반 및 비디오물에 관한 법률,11,11,1994,2004,6461.0
공직선거 및 선거부정방지법,11,11,1997,2008,1633.0
가정의례에 관한 법률,11,11,1990,2000,1383.0
축산물위생처리법,11,11,1990,2000,304.0
"음화등반포(판매,임대,전시,제조)",11,11,2011,2022,76.0
기타안보범죄,11,11,2011,2022,75.0
낙태의죄,11,11,2011,2022,73.0
정치자금법,11,11,2011,2022,58.0
체포·감금(중),11,11,2011,2022,46.0
가스등방류(유출·살포),11,11,1997,2009,39.0
농수산물유통및가격안정에관한법률,11,11,2011,2022,30.0
폭발물에 관한 죄,11,11,1990,2010,22.0
체포감금(중),11,11,1994,2009,19.0
토양환경보전법,11,11,2004,2022,19.0
건설폐기물의재활용촉진에관한법률,11,11,2010,2022,18.0
선거방해,11,11,1992,2022,15.0
주택건설촉진법,10,10,1990,2013,2957.0
외환관리법,10,10,1994,2003,2282.0
환경보전법,10,10,1990,2002,1198.0
장사등에관한법률,10,10,2011,2022,314.0
유사성행위,10,10,2013,2022,224.0
특가법(국고손실),10,10,1997,2022,108.0
소방기본법,10,10,2012,2022,60.0
특가법(영리유인),10,10,1994,2003,34.0
폭발성물건파열(과실),10,10,2012,2022,31.0
가스등공급사용방해(치사·상),10,10,2012,2022,27.0
음용수에관한죄,10,10,2011,2022,24.0
아동·청소년의성보호에관한법률위반(매매),10,10,2011,2021,23.0
노동조합및노동관계조정법,10,10,2012,2022,22.0
내수면어업법,10,10,2007,2019,12.0
정보통신망이용촉진및정보보호등에관한법률위반(명예훼손),9,9,2014,2022,22084.0
정보통신망이용촉진및정보보호등에관한법률위반(기타),9,9,2014,2022,7735.0
정보통신망이용촉진및정보보호등에관한법률위반(정보통신망침해등),9,9,2014,2022,5708.0
아동복지법위반(기타),9,9,2014,2022,4238.0
아동복지법위반(유기·학대 등),9,9,2014,2022,3635.0
계량법,9,9,1990,2001,820.0
생명윤리및안전에관한법률,9,9,2011,2022,619.0
정보통신망이용촉진및정보보호등에관한법률위반(개인정보누설등),9,9,2014,2022,148.0
매장 및 묘지등에 관한 법률,9,9,1994,2002,120.0
아동학대처벌법위반(기타),9,9,2014,2022,108.0
상호신용금고법,9,9,1994,2002,64.0
기타선거범죄,9,9,2011,2022,38.0
야생생물보호및관리에관한법률위반,9,9,2014,2022,38.0
기타병역범죄,9,9,2011,2021,31.0
형의실효등에관한법률,9,9,2011,2022,29.0
정당법,9,9,2011,2022,28.0
특가법(미성년자약취유인),9,9,1994,2003,27.0
독점규제및공정거래에관한법률,9,9,2011,2022,22.0
수산자원보호령,9,9,1996,2009,22.0
가스등방출(치사·상),9,9,2012,2022,18.0
형사소송법,9,9,1994,2021,16.0
특가법(미성년자유인),9,9,1994,2003,13.0
우표(인지)등위(변)조,9,9,1994,2010,12.0
아동학대처벌법위반(아동복지시설 종사자 등의 아동학대 가중처벌),8,8,2015,2022,267.0
아동학대처벌법위반(처분 불이행 등),8,8,2015,2022,62.0
전염병예방법,8,8,1990,2010,54.0
공유수면관리법,8,8,1990,2009,43.0
자연환경보전법,8,8,1997,2007,30.0
아동학대처벌법위반(유기·학대 등),8,8,2015,2022,28.0
도주와도주원조죄,8,8,2011,2022,19.0
과실폭발물파열(방출·유출),8,8,1997,2011,13.0
보안관찰법,8,8,1996,2017,11.0
재난및안전관리기본법,8,8,2011,2021,11.0
정보통신망 이용촉진 및 정보보호등에 관한 법률,7,7,2004,2010,19097.0
민방위기본법,7,7,1990,1996,16302.0
대부업의 등록 및 금융이용자보호에 관한 법률,7,7,2004,2010,4790.0
청소년성보호에 관한 법률,7,7,2004,2010,3301.0
옥외광고물등관리법,7,7,2004,2010,2370.0
유사수신행위의 규제에 관한 법률,7,7,2004,2010,2084.0
학원의설립·운영 및 과외교섭에 관한법률,7,7,2004,2010,2011.0
학교보건법,7,7,2004,2010,1453.0
국토의계획 및 이용에 관한 법률,7,7,2004,2010,1295.0
부정경쟁방지 및 영업비밀보호에 관한 법률,7,7,2004,2010,1223.0
의료기기법,7,7,2004,2010,1218.0
축산물가공처리법,7,7,2004,2010,688.0
신용정보의 이용 및 보호에 관한 법률,7,7,2004,2010,299.0
전기통신사업법,7,7,2004,2010,261.0
농산물품질관리법,7,7,2004,2010,181.0
증권거래법,7,7,2004,2010,145.0
공공기관의 개인정보보호에 관한 법률,7,7,2004,2010,138.0
체포·감금(특수·특수중),7,7,2016,2022,115.0
특수공갈,7,7,2016,2022,109.0
인장업법,7,7,1994,2003,67.0
직업안정 및 고용촉진에 관한 법률,7,7,1994,2002,63.0
농지의 보전 및 이용에 관한 법률,7,7,1994,2001,41.0
장사등에 관한 법률,7,7,2004,2010,38.0
민사소송법,7,7,2004,2010,31.0
독점규제 및 공정거래에 관한 법률,7,7,1994,2006,18.0
특가법(영리약취),7,7,1994,2003,11.0
결혼약취유인,7,7,1994,2005,7.0
음반·비디오물 및 게임물에 관한법률,6,6,2005,2010,8566.0
중기관리법,6,6,1990,1998,3256.0
석유 및 석유대체연료사업법,6,6,2005,2010,2034.0
교육환경법,6,6,2017,2022,1513.0
유해화학물질관리법(환각물질흡입등),6,6,2004,2009,842.0
건설기계관리법,6,6,1994,2010,300.0
유해화학물질관리법(본드등),6,6,1994,2003,243.0
부정청탁금지법,6,6,2017,2022,106.0
소방법,6,6,1990,2005,82.0
수산물품질관리법,6,6,2004,2009,50.0
수산업법,6,6,1990,2006,42.0
특가법(국외이송유인),6,6,1994,2001,29.0
용역경비업법,6,6,1994,1999,27.0
상품권법,6,6,1994,1999,23.0
선박직원법,6,6,1990,2015,21.0
야생동식물보호법,6,6,2005,2010,21.0
선박안전법,6,6,1990,2018,10.0
의료보험법,6,6,1994,2002,9.0
폭발성물건파열(치사·상),6,6,2012,2021,9.0
음행매개,6,6,1996,2021,8.0
특가법(미성년자약취),6,6,1994,2002,8.0
신용조사업법,6,6,1994,2000,7.0
업무상과실폭발물파열(방출·유출),6,6,1997,2010,6.0
피약취자·피유인자·피매매자등,6,6,1995,2008,4.0
게임산업진흥에 관한 법률,5,5,2006,2010,13944.0
음악산업진흥에 관한 법률,5,5,2006,2010,6487.0
영화 및 비디오물의 진흥에 관한 법률,5,5,2006,2010,431.0
공유수면관리및매립에관한법률위반,5,5,2012,2022,202.0
특가법(영리약취·유인·매매),5,5,2011,2015,28.0
노동쟁의조정법,5,5,1990,1996,21.0
구국가보안법,5,5,1994,1999,17.0
음반·비디오물및게임물에관한법률,5,5,2011,2019,14.0
외환의 죄,5,5,1990,2001,10.0
정신건강복지법,5,5,2018,2022,10.0
보건범죄특조법(허위정보),5,5,1997,2005,7.0
유선 및 도선업법,5,5,1995,2000,7.0
형의실효등에 관한 법률,5,5,1994,2005,7.0
특가법(무고),5,5,1997,2022,6.0
특정범죄가중처벌등에 관한 법률,4,4,1990,1993,8072.0
도박죄,4,4,1990,1993,5534.0
간통죄,4,4,1990,1993,5063.0
뇌물공여죄,4,4,1990,1993,4590.0
사회보호법,4,4,1990,1993,3492.0
과실치상의죄,4,4,1990,1993,3470.0
사문서위·변조죄,4,4,1990,1993,3369.0
외국환관리법,4,4,1990,1993,1986.0
광고물등관리법,4,4,1990,1993,1531.0
권리행사방해죄,4,4,1990,1993,1525.0
뇌물수수죄,4,4,1990,1993,1501.0
무고죄,4,4,1990,1993,1179.0
정조에 관한죄,4,4,1990,1993,1170.0
유가증권위·변조죄,4,4,1990,1993,1088.0
기타문서에 관한죄,4,4,1990,1993,1087.0
직업안정·고용촉진법,4,4,1990,1993,1031.0
공문서위·변조죄,4,4,1990,1993,981.0
장물취득죄,4,4,1990,1993,797.0
담배전매법,4,4,1990,1993,610.0
수산자원보호법,4,4,1990,1993,597.0
전기용품안전관리법,4,4,1990,1993,593.0
보건범죄단속에 관한 특별조치법,4,4,1990,1993,532.0
고물영업법,4,4,1990,1993,529.0
공산품품질관리법,4,4,1990,1993,446.0
특정경제범죄처벌법,4,4,1990,1993,279.0
화염병 사용 등 처벌에 관한 법률,4,4,1990,1993,263.0
상습도박죄,4,4,1990,1993,242.0
국토이용관리법,4,4,1990,1993,198.0
업무상장물취득죄,4,4,1990,1993,173.0
유선방송관리법,4,4,1990,1993,153.0
미성년자약취유인죄,4,4,1990,1993,144.0
기타약취유인죄,4,4,1990,1993,143.0
음화반포제조죄,4,4,1990,1993,139.0
복표발행등단속법,4,4,1990,1993,138.0
직무유기죄,4,4,1990,1993,127.0
복표발매·중개·취득죄,4,4,1990,1993,119.0
공인위조부정행사죄,4,4,1990,1993,111.0
인장업단속법,4,4,1990,1993,110.0
농수산물품질관리법,4,4,2011,2020,108.0
대외무역법,4,4,1990,1993,105.0
국회의원 선거법,4,4,1990,1993,102.0
도박개장죄,4,4,1990,1993,87.0
액화석유가스법,4,4,1990,1993,79.0
내수면어업개발촉진법,4,4,1990,1993,74.0
체포감금죄,4,4,1990,1993,69.0
물가안정·공정거래법,4,4,1990,1993,67.0
매장 및 묘지에 관한법,4,4,1990,1993,62.0
에너지이용합리화법,4,4,1990,1993,53.0
사인위조부정행사죄,4,4,1990,1993,46.0
통화위조죄,4,4,1990,1993,44.0
농지보전이용법,4,4,1990,1993,40.0
허위감정·증거인멸죄,4,4,1990,1993,38.0
기타유가증권우표인지에 관한 죄,4,4,1990,1993,33.0
석유산업법,4,4,1990,1993,33.0
낙태에 관한죄,4,4,1990,1993,28.0
음행매개죄,4,4,1990,1993,27.0
상습장물취득죄,4,4,1990,1993,24.0
해양오염방지법,4,4,1990,1993,16.0
개항질서법,4,4,1990,1993,14.0
아편에 관한죄,4,4,1990,1993,12.0
가스등공급사용방해(과실),4,4,2014,2022,8.0
국기에 관한 죄,4,4,1990,2001,6.0
존속체포·감금죄,4,4,1990,1993,6.0
내란의 죄,4,4,1990,2004,5.0
어선법,4,4,1990,1993,5.0
우표인지위·변조죄,4,4,1990,1993,5.0
인질강요,4,4,1997,2008,5.0
체포감금치사·상죄,4,4,1990,1993,5.0
환경범죄의 처벌에 관한 특별조치법,4,4,1994,1999,5.0
특가법(감금),4,4,1996,2007,4.0
정보통신망이용촉진및정보보호등에관한법률,3,3,2011,2013,7431.0
감염병예방법,3,3,2020,2022,4688.0
신용카드업법,3,3,1994,1996,1778.0
독물 및 극물에 관한 법률,3,3,1990,1995,726.0
특가법(어린이보호구역치사상),3,3,2020,2022,230.0
야생동·식물보호법,3,3,2011,2013,109.0
도시공원법,3,3,2004,2006,108.0
지방의회의원선거법,3,3,1991,1993,73.0
특가법(산림),3,3,1999,2009,34.0
연소죄,3,3,1990,1993,12.0
지하수법,3,3,2004,2006,12.0
직권남용횡포감금죄,3,3,1991,1993,7.0
폭발물파열죄,3,3,1991,1993,7.0
공유수면매립법,3,3,1991,1993,6.0
독직가혹행위죄,3,3,1990,1993,6.0
가스등방출(과실),3,3,2012,2019,5.0
자살교사방조죄,3,3,1990,1993,5.0
토지수용법,3,3,1996,2001,5.0
군복 군용물 등 장구류 단속,3,3,1991,1993,4.0
보건범죄특조법(부정유독물),3,3,1994,2004,4.0
사격장안전법,3,3,2013,2021,4.0
수표법,3,3,1994,2004,4.0
유선및도선사업법,3,3,2013,2022,4.0
국외이송약취·유인·인신매매,3,3,2013,2018,3.0
유기장업법,3,3,1994,1998,3.0
일수와수리에관한죄,3,3,2012,2022,3.0
존속체포·감금치사상(중·특수·상습),3,3,2015,2022,3.0
특경법(보고의무),3,3,1999,2008,3.0
특가법(국외이송약취),3,3,1995,2002,2.0
특가법(독직가혹행위),3,3,2006,2009,2.0
스토킹처벌법,2,2,2021,2022,2707.0
병역법위반등의 범죄처벌특조법,2,2,1990,1991,1596.0
대기환경보존법,2,2,1992,1993,823.0
동물보호법,2,2,2021,2022,296.0
밀선단속법,2,2,1992,1993,270.0
인신매매,2,2,2014,2022,101.0
소음진동규제법위반,2,2,1992,1993,82.0
"사인등위조, 부정사용행사",2,2,1994,1996,23.0
오수·분뇨 및 축산 폐수처리법,2,2,1992,1993,16.0
컴퓨터프로그램법,2,2,1992,1993,13.0
환경범죄특별법위반,2,2,1992,1993,13.0
합성수지폐기물처리사업법,2,2,1992,1993,9.0
환경오염피해분쟁조정법,2,2,1992,1993,8.0
노동조합 및 노동관계 조정법,2,2,2005,2010,6.0
노동조합법,2,2,1990,1991,5.0
물가안정에 관한 법률,2,2,1994,1998,5.0
복표발행등사행행위단속법,2,2,1996,1998,3.0
아동학대처벌법위반(비밀유지의무위반 등),2,2,2019,2022,3.0
진화방해죄,2,2,1991,1993,3.0
특가법(13세미만약취·유인등),2,2,2017,2018,3.0
특가법(보복체포·감금등),2,2,2016,2022,3.0
후천성면역결핍증예방법,2,2,2004,2006,3.0
부패방지법,2,2,2021,2022,2.0
불법사용(상습),2,2,2019,2021,2.0
사격 및 사격장단속법,2,2,1999,2006,2.0
소비자보호법,2,2,1994,1995,2.0
아동학대처벌법(아동학대살해),2,2,2021,2022,2.0
특가법(체포),2,2,1998,2010,2.0
형시효등에 관한 법률,2,2,1996,2001,2.0
환경범죄의 단속에 관한 특별조치법,2,2,2006,2008,2.0
부녀매매(상습),2,2,1994,2005,1.0
특가법(통화),2,2,1994,1996,1.0
체포·감금(특수),1,1,2013,2013,4.0
특가법(직무유기),1,1,2020,2020,2.0
결혼약취·유인,1,1,2012,2012,1.0
계량에 관한 법률,1,1,2007,2007,1.0
국교에 관한 죄,1,1,1991,1991,1.0
기타교통범죄,1,1,2011,2011,1.0
낚시관리및육성법위반,1,1,2022,2022,1.0
민법,1,1,1994,1994,1.0
부당이득(상습),1,1,2020,2020,1.0
사설강습소에 관한법률,1,1,1994,1994,1.0
아동복지법위반(아동매매),1,1,2022,2022,1.0
아동학대처벌법위반(상습체포·감금),1,1,2016,2016,1.0
아동학대처벌법위반(업무수행 방해 등),1,1,2021,2021,1.0
아편·몰핀에 관한 죄,1,1,2001,2001,1.0
어업자원보호,1,1,1995,1995,1.0
오존층보호를위한법률위반,1,1,1993,1993,1.0
우표(인지)등위조·변조,1,1,2014,2014,1.0
유선 및 도선사업법,1,1,2005,2005,1.0
이용사 및 미용사법,1,1,1994,1994,1.0
인질살해(치사),1,1,2010,2010,1.0
전파관리법,1,1,1994,1994,1.0
존속체포·감금(중),1,1,2022,2022,1.0
존속체포·감금(특수·특수중),1,1,2022,2022,1.0
존속체포감금(특수),1,1,1995,1995,1.0
존속체포감금치사상(중·특수·상습),1,1,2000,2000,1.0
특가법(외국인을 위한 재산취득),1,1,2009,2009,1.0
특경법(무인가단기금융업),1,1,2004,2004,1.0
특경법(저축관련부당행위),1,1,2000,2000,1.0
특수공갈(상습),1,1,2022,2022,1.0
환경범죄의단속에관한특별조치법,1,1,2012,2012,1.0
소년법,1,1,1994,1994,0.0
전당포영업법,1,1,1997,1997,0.0
특가법(체포감금),1,1,2000,2000,0.0
