crime_type_original,crime_group_refined,first_year,last_year,year_count,observation_count,year_span,coverage_rate,time_machine_grade
존속상해치사,폭력,1990,2022,26,26,33,78.78787878787878,10Y
관세법,기타,1990,2021,24,24,32,75.0,10Y
존속폭행치상,폭력,1994,2022,22,22,29,75.86206896551724,10Y
골재채취법,기타,1994,2020,21,21,27,77.77777777777779,10Y
강제추행(준),성범죄,1994,2012,19,19,19,100.0,10Y
건설산업기본법,기타,2004,2022,19,19,19,100.0,10Y
공중위생관리법,기타,2004,2022,19,19,19,100.0,10Y
국민건강보험법,기타,2004,2022,19,19,19,100.0,10Y
국민연금법,기타,2004,2022,19,19,19,100.0,10Y
기타,기타,2004,2022,19,19,19,100.0,10Y
농지법,기타,2004,2022,19,19,19,100.0,10Y
담배사업법,기타,2004,2022,19,19,19,100.0,10Y
도로교통법(무면허운전),교통,2004,2022,19,19,19,100.0,10Y
도로교통법(음주운전),교통,2004,2022,19,19,19,100.0,10Y
도로교통법(음주측정거부),교통,2004,2022,19,19,19,100.0,10Y
미성년자등간음·추행(심신미약자),성범죄,1994,2012,19,19,19,100.0,10Y
사전자기록등위작·변작,기타,2004,2022,19,19,19,100.0,10Y
여객자동차운수사업법,기타,2004,2022,19,19,19,100.0,10Y
외국환거래법,기타,2004,2022,19,19,19,100.0,10Y
유해화학물질관리법,기타,1992,2010,19,19,19,100.0,10Y
윤락행위등방지법,성범죄,1990,2009,19,19,20,95.0,10Y
의장법,기타,1990,2008,19,19,19,100.0,10Y
자동차손해배상보장법,교통,2004,2022,19,19,19,100.0,10Y
자연공원법,기타,2004,2022,19,19,19,100.0,10Y
전기통신기본법,기타,2004,2022,19,19,19,100.0,10Y
전파법,기타,2004,2022,19,19,19,100.0,10Y
지방세법,기타,2004,2022,19,19,19,100.0,10Y
철도법,기타,1990,2008,19,19,19,100.0,10Y
통신비밀보호법,기타,2004,2022,19,19,19,100.0,10Y
특경법(재산국외도피),기타,1994,2020,19,19,27,70.37037037037037,10Y
화물자동차운수사업법,기타,2004,2022,19,19,19,100.0,10Y
강간치상(준),성범죄,1994,2011,18,18,18,100.0,10Y
강제추행치상(준),성범죄,1994,2011,18,18,18,100.0,10Y
공전자기록등위작·변작,기타,2005,2022,18,18,18,100.0,10Y
공인위조·부정사용행사,위조,1994,2010,17,17,17,100.0,10Y
공직선거법,기타,2006,2022,17,17,17,100.0,10Y
과실사상의 죄,기타,1994,2010,17,17,17,100.0,10Y
권리행사를 방해하는 죄,기타,1994,2010,17,17,17,100.0,10Y
낙태의 죄,기타,1994,2010,17,17,17,100.0,10Y
뇌물수수·요구·약속,공직·부패,1994,2010,17,17,17,100.0,10Y
무고의 죄,기타,1994,2010,17,17,17,100.0,10Y
미성년자약취유인,기타,1994,2010,17,17,17,100.0,10Y
방문판매등에 관한 법률,기타,1994,2010,17,17,17,100.0,10Y
사행행위등 규제 및 처벌특례법,기타,1994,2010,17,17,17,100.0,10Y
상습도박,도박,1994,2010,17,17,17,100.0,10Y
소음·진동규제법,기타,1994,2010,17,17,17,100.0,10Y
수질환경보전법,기타,1992,2008,17,17,17,100.0,10Y
액화석유가스의 안전 및 사업관리법,기타,1994,2010,17,17,17,100.0,10Y
유가증권위(변)조,기타,1994,2010,17,17,17,100.0,10Y
유실물 표류물 점유이탈물 매장물횡령,절도,1994,2010,17,17,17,100.0,10Y
음화등반포(판매·임대·전시·제조),기타,1994,2010,17,17,17,100.0,10Y
일반(건조물등)방화,방화,1994,2010,17,17,17,100.0,10Y
자기소유(건조물등)방화,방화,1994,2010,17,17,17,100.0,10Y
장물에 관한죄,절도,1994,2010,17,17,17,100.0,10Y
전투경찰대설치법,기타,1994,2010,17,17,17,100.0,10Y
직권남용(권리행사방해체포·감금),기타,1994,2010,17,17,17,100.0,10Y
체포감금,기타,1994,2010,17,17,17,100.0,10Y
추행·간음·영리·약취유인,성범죄,1994,2010,17,17,17,100.0,10Y
통화위(변)조,기타,1994,2010,17,17,17,100.0,10Y
풍속영업의 규제에 관한 법률,기타,1994,2010,17,17,17,100.0,10Y
허위감정·증거인멸은닉·증인은닉죄,기타,1994,2010,17,17,17,100.0,10Y
현주(현존)자동차방화,방화,1994,2010,17,17,17,100.0,10Y
현주·현존(건조물등)방화,방화,1994,2010,17,17,17,100.0,10Y
현주·현존(건조물등)방화치사,방화,1994,2010,17,17,17,100.0,10Y
도시공원및녹지등에관한법률,기타,2007,2022,16,16,16,100.0,10Y
미성년자의 제강간(강제추행강간살인),살인,1994,2010,16,16,17,94.11764705882352,10Y
체포·감금치사·상(중·특수·상습),기타,1994,2010,16,16,17,94.11764705882352,10Y
특가법(영리약취·유인),기타,1994,2010,16,16,17,94.11764705882352,10Y
특가법(운전자폭행등),폭력,2007,2022,16,16,16,100.0,10Y
폭력행위등처벌에 관한 법률 위반,폭력,1994,2010,16,16,17,94.11764705882352,10Y
현주·현존(건조물등)방화치상,방화,1994,2010,16,16,17,94.11764705882352,10Y
강간등상해,성범죄,1997,2011,15,15,15,100.0,10Y
뇌물공여·약속·의사표시,공직·부패,1995,2010,15,15,16,93.75,10Y
도로교통법(공동위험행위),교통,2008,2022,15,15,15,100.0,10Y
도로교통법(사고후미조치),교통,2008,2022,15,15,15,100.0,10Y
도시계획법,기타,1990,2004,15,15,15,100.0,10Y
사인등위조·부정사용행사,위조,1995,2010,15,15,16,93.75,10Y
오수·분뇨 및 축산폐수의 처리에 관한 법률,기타,1994,2010,15,15,17,88.23529411764706,10Y
특가법(위험운전치사상),기타,2008,2022,15,15,15,100.0,10Y
화염병사용등의 처벌에 관한 법률,기타,1994,2010,15,15,17,88.23529411764706,10Y
공연법,기타,1990,2009,14,14,20,70.0,10Y
공중위생법,기타,1990,2003,14,14,14,100.0,10Y
대마관리법,마약,1990,2003,14,14,14,100.0,10Y
도로교통법(교통사고),교통,1994,2010,14,14,17,82.35294117647058,10Y
마약법,마약,1990,2003,14,14,14,100.0,10Y
부녀매매,기타,1994,2010,14,14,17,82.35294117647058,10Y
부정경쟁방지법,기타,1990,2003,14,14,14,100.0,10Y
자동차·선박등불법사용,기타,1997,2010,14,14,14,100.0,10Y
자동차운수사업법,기타,1990,2003,14,14,14,100.0,10Y
조수보호 및 수렵에 관한 법률,기타,1990,2004,14,14,15,93.33333333333333,10Y
존속체포감금,기타,1994,2010,14,14,17,82.35294117647058,10Y
피보호자(감호자)간음,성범죄,1994,2010,14,14,17,82.35294117647058,10Y
학원의설립·운영에관한법률,기타,1990,2003,14,14,14,100.0,10Y
향정신성의 약품관리법,마약,1990,2003,14,14,14,100.0,10Y
국외이송약취유인,기타,1994,2009,13,13,16,81.25,10Y
디자인보호법,기타,2010,2022,13,13,13,100.0,10Y
새마을금고법,기타,1994,2010,13,13,17,76.47058823529412,10Y
철도안전법,기타,2010,2022,13,13,13,100.0,10Y
체포감금(특수),기타,1994,2010,13,13,17,76.47058823529412,10Y
가스·전기·증기공급사용방해,기타,1999,2011,12,12,13,92.3076923076923,10Y
강력범죄,기타,2011,2022,12,12,12,100.0,10Y
개인정보보호법,기타,2011,2022,12,12,12,100.0,10Y
건설업법,기타,1990,2002,12,12,13,92.3076923076923,10Y
게임산업진흥에관한법률,기타,2011,2022,12,12,12,100.0,10Y
공무방해에관한죄,기타,2011,2022,12,12,12,100.0,10Y
공안을해하는죄,기타,2011,2022,12,12,12,100.0,10Y
공인등의위조·부정사용및행사,위조,2011,2022,12,12,12,100.0,10Y
공인중개사법,기타,2011,2022,12,12,12,100.0,10Y
공중밀집장소에서의추행,성범죄,2011,2022,12,12,12,100.0,10Y
과실치사상의죄,기타,2011,2022,12,12,12,100.0,10Y
교통방해의죄,기타,2011,2022,12,12,12,100.0,10Y
교통범죄,기타,2011,2022,12,12,12,100.0,10Y
국토의계획및이용에관한법률,기타,2011,2022,12,12,12,100.0,10Y
권리행사를방해하는죄,기타,2011,2022,12,12,12,100.0,10Y
기타경제범죄,기타,2011,2022,12,12,12,100.0,10Y
기타노동범죄,기타,2011,2022,12,12,12,100.0,10Y
기타도박범죄,도박,2011,2022,12,12,12,100.0,10Y
기타범죄,기타,2011,2022,12,12,12,100.0,10Y
기타보건범죄,기타,2011,2022,12,12,12,100.0,10Y
기타통화에관한죄,기타,2011,2022,12,12,12,100.0,10Y
기타환경범죄,기타,2011,2022,12,12,12,100.0,10Y
노동범죄,기타,2011,2022,12,12,12,100.0,10Y
농수산물 유통 및 가격안정에 관한 법률,기타,1994,2010,12,12,17,70.58823529411765,10Y
뇌물공여등,공직·부패,2011,2022,12,12,12,100.0,10Y
뇌물수수등,공직·부패,2011,2022,12,12,12,100.0,10Y
대부업의등록및금융이용자보호에관한법률,기타,2011,2022,12,12,12,100.0,10Y
도박(상습),도박,2011,2022,12,12,12,100.0,10Y
도박범죄,도박,2011,2022,12,12,12,100.0,10Y
마약류관리에관한법률(대마),마약,2011,2022,12,12,12,100.0,10Y
마약류관리에관한법률(마약),마약,2011,2022,12,12,12,100.0,10Y
마약류관리에관한법률(향정),마약,2011,2022,12,12,12,100.0,10Y
마약범죄,마약,2011,2022,12,12,12,100.0,10Y
명예에관한죄,기타,2011,2022,12,12,12,100.0,10Y
무고의죄,기타,2011,2022,12,12,12,100.0,10Y
문서·인장,기타,2011,2022,12,12,12,100.0,10Y
미성년자보호법,기타,1990,2001,12,12,12,100.0,10Y
방문판매등에관한법률,기타,2011,2022,12,12,12,100.0,10Y
병역범죄,기타,2011,2022,12,12,12,100.0,10Y
보건범죄,기타,2011,2022,12,12,12,100.0,10Y
부정경쟁방지및영업비밀보호에관한법률,기타,2011,2022,12,12,12,100.0,10Y
불법사용,기타,2011,2022,12,12,12,100.0,10Y
사인등의위조·부정사용및행사,위조,2011,2022,12,12,12,100.0,10Y
살인기수,살인,2011,2022,12,12,12,100.0,10Y
살인미수등,살인,2011,2022,12,12,12,100.0,10Y
상습폭행,폭력,1994,2010,12,12,17,70.58823529411765,10Y
석유및석유대체연료사업법,기타,2011,2022,12,12,12,100.0,10Y
선거범죄,기타,2011,2022,12,12,12,100.0,10Y
성매매알선등행위의처벌에관한법률위반(기타),성범죄,2011,2022,12,12,12,100.0,10Y
성매매알선등행위의처벌에관한법률위반(성매매),성범죄,2011,2022,12,12,12,100.0,10Y
성매매알선등행위의처벌에관한법률위반(성매매광고),성범죄,2011,2022,12,12,12,100.0,10Y
성매매알선등행위의처벌에관한법률위반(성매매알선등),성범죄,2011,2022,12,12,12,100.0,10Y
"성폭력범죄의처벌등에관한특례법(카메라등이용촬영,반포등)",성범죄,2011,2022,12,12,12,100.0,10Y
성폭력범죄의처벌등에관한특례법(통신매체이용음란),성범죄,2011,2022,12,12,12,100.0,10Y
성풍속범죄,기타,2011,2022,12,12,12,100.0,10Y
손괴,손괴,2011,2022,12,12,12,100.0,10Y
신앙에관한죄,기타,2011,2022,12,12,12,100.0,10Y
"신용,업무와경매에관한죄",기타,2011,2022,12,12,12,100.0,10Y
신용정보의이용및보호에관한법률,기타,2011,2022,12,12,12,100.0,10Y
실화및업무상실화죄,방화,2011,2022,12,12,12,100.0,10Y
아동·청소년의성보호에관한법률위반(강요행위등),기타,2011,2022,12,12,12,100.0,10Y
아동·청소년의성보호에관한법률위반(기타),기타,2011,2022,12,12,12,100.0,10Y
아동·청소년의성보호에관한법률위반(성매수등),기타,2011,2022,12,12,12,100.0,10Y
아동·청소년의성보호에관한법률위반(아동·청소년성착취물소지·제작·배포등),기타,2011,2022,12,12,12,100.0,10Y
아동·청소년의성보호에관한법률위반(알선영업행위등),기타,2011,2022,12,12,12,100.0,10Y
안보범죄,기타,2011,2022,12,12,12,100.0,10Y
액화석유가스의안전및사업관리법,기타,2011,2022,12,12,12,100.0,10Y
약취·유인,기타,2011,2022,12,12,12,100.0,10Y
약취·유인(미성년자),기타,2011,2022,12,12,12,100.0,10Y
업무상위력등에의한추행,성범죄,2011,2022,12,12,12,100.0,10Y
영화및비디오물의진흥에관한법률,기타,2011,2022,12,12,12,100.0,10Y
예비군법위반,기타,2011,2022,12,12,12,100.0,10Y
옥외광고물법위반,기타,2011,2022,12,12,12,100.0,10Y
위치정보의보호및이용등에관한법률,기타,2011,2022,12,12,12,100.0,10Y
유가증권위조·변조,위조,2011,2022,12,12,12,100.0,10Y
유가증권인지,기타,2011,2022,12,12,12,100.0,10Y
유기와학대의죄,기타,2011,2022,12,12,12,100.0,10Y
유사수신행위의규제에관한법률,기타,2011,2022,12,12,12,100.0,10Y
음반에관한법률,기타,1990,2002,12,12,13,92.3076923076923,10Y
음악산업진흥에관한법률,기타,2011,2022,12,12,12,100.0,10Y
일반건조물등방화,방화,2011,2022,12,12,12,100.0,10Y
자기소유건조물등방화,방화,2011,2022,12,12,12,100.0,10Y
자동차방화,방화,2011,2022,12,12,12,100.0,10Y
장물에관한죄,절도,2011,2022,12,12,12,100.0,10Y
전자금융거래법위반,기타,2011,2022,12,12,12,100.0,10Y
절도범죄,절도,2011,2022,12,12,12,100.0,10Y
점유이탈물등횡령,재산·경제,2011,2022,12,12,12,100.0,10Y
정보통신망이용촉진및정보보호등에관한법률(음란물유포),기타,2011,2022,12,12,12,100.0,10Y
존속체포·감금,기타,2011,2022,12,12,12,100.0,10Y
주거침입강간등,성범죄,2011,2022,12,12,12,100.0,10Y
주거침입의죄,기타,2011,2022,12,12,12,100.0,10Y
증수뢰,기타,2011,2022,12,12,12,100.0,10Y
지능범죄,기타,2011,2022,12,12,12,100.0,10Y
직권남용(권리행사방해·체포·감금),기타,2011,2022,12,12,12,100.0,10Y
직무유기,공직·부패,2011,2022,12,12,12,100.0,10Y
집회및시위에관한법률,기타,2011,2022,12,12,12,100.0,10Y
채무자회생및파산에관한법률위반,기타,2011,2022,12,12,12,100.0,10Y
청소년에대한강간등,성범죄,2011,2022,12,12,12,100.0,10Y
체포·감금,기타,2011,2022,12,12,12,100.0,10Y
체포·감금치사상(중·특수·상습),기타,2011,2022,12,12,12,100.0,10Y
총포·도검·화약류등의안전관리에관한법률,기타,2011,2022,12,12,12,100.0,10Y
축산물위생관리법,기타,2011,2022,12,12,12,100.0,10Y
친족관계에의한강간,성범죄,2011,2022,12,12,12,100.0,10Y
친족관계에의한강제추행,성범죄,2011,2022,12,12,12,100.0,10Y
통화,기타,2011,2022,12,12,12,100.0,10Y
통화위조·변조,위조,2011,2022,12,12,12,100.0,10Y
특가법(범죄단체조직),기타,1994,2009,12,12,16,75.0,10Y
특별경제범죄,기타,2011,2022,12,12,12,100.0,10Y
폭력범죄,폭력,2011,2022,12,12,12,100.0,10Y
폭력행위등,폭력,2011,2022,12,12,12,100.0,10Y
폭력행위등처벌에관한법률위반(공동),폭력,2011,2022,12,12,12,100.0,10Y
폭력행위등처벌에관한법률위반(상습),폭력,2011,2022,12,12,12,100.0,10Y
폭력행위등처벌에관한법률위반(우범자),폭력,2011,2022,12,12,12,100.0,10Y
"폭력행위등처벌에관한법률위반(집단,흉기등)",폭력,2011,2022,12,12,12,100.0,10Y
폭발물파열(과실),기타,1998,2011,12,12,14,85.71428571428571,10Y
폭행(상습),폭력,2011,2022,12,12,12,100.0,10Y
풍속범죄,기타,2011,2022,12,12,12,100.0,10Y
풍속영업의규제에관한법률,기타,2011,2022,12,12,12,100.0,10Y
학원의설립·운영및과외교섭에관한법률,기타,2011,2022,12,12,12,100.0,10Y
"허위감정,증거인멸·은닉,증인은닉죄",기타,2011,2022,12,12,12,100.0,10Y
현주·공용건조물등방화,방화,2011,2022,12,12,12,100.0,10Y
현주건조물등방화치상,방화,2011,2022,12,12,12,100.0,10Y
환경범죄,기타,2011,2022,12,12,12,100.0,10Y
가스등방류(유출·살포),기타,1997,2009,11,11,13,84.61538461538461,10Y
가정의례에 관한 법률,기타,1990,2000,11,11,11,100.0,10Y
강간등상해·치상,성범죄,2012,2022,11,11,11,100.0,10Y
건설폐기물의재활용촉진에관한법률,기타,2010,2022,11,11,13,84.61538461538461,10Y
교통사고,교통,2012,2022,11,11,11,100.0,10Y
교통사고외,교통,2012,2022,11,11,11,100.0,10Y
기타안보범죄,기타,2011,2022,11,11,12,91.66666666666666,10Y
낙태의죄,기타,2011,2022,11,11,12,91.66666666666666,10Y
농수산물유통및가격안정에관한법률,기타,2011,2022,11,11,12,91.66666666666666,10Y
성매매방지및피해자보호등에관한법률위반,성범죄,2012,2022,11,11,11,100.0,10Y
성매매알선등행위의처벌에관한법률위반(성매매강요등),성범죄,2011,2022,11,11,12,91.66666666666666,10Y
음반 및 비디오물에 관한 법률,기타,1994,2004,11,11,11,100.0,10Y
"음화등반포(판매,임대,전시,제조)",기타,2011,2022,11,11,12,91.66666666666666,10Y
정치자금법,기타,2011,2022,11,11,12,91.66666666666666,10Y
체포·감금(중),기타,2011,2022,11,11,12,91.66666666666666,10Y
특수강도강간등,강도,2011,2021,11,11,11,100.0,10Y
현주건조물등방화치사,방화,2011,2022,11,11,12,91.66666666666666,10Y
13세미만미성년자강간·간음,성범죄,2013,2022,10,10,10,100.0,10Y
13세미만미성년자강간등,성범죄,2011,2020,10,10,10,100.0,10Y
13세미만미성년자강제추행·추행,성범죄,2013,2022,10,10,10,100.0,10Y
가스등공급사용방해(치사·상),기타,2012,2022,10,10,11,90.9090909090909,10Y
강간상해·치상,성범죄,2013,2022,10,10,10,100.0,10Y
강제추행,성범죄,2013,2022,10,10,10,100.0,10Y
강제추행(상습),성범죄,2013,2022,10,10,10,100.0,10Y
강제추행상해·치상,성범죄,2013,2022,10,10,10,100.0,10Y
공직선거 및 선거부정방지법,기타,1997,2006,10,10,10,100.0,10Y
교통사고특례법,교통,1994,2003,10,10,10,100.0,10Y
기타 강간·강제추행 등,성범죄,2013,2022,10,10,10,100.0,10Y
노동조합및노동관계조정법,기타,2012,2022,10,10,11,90.9090909090909,10Y
마약류불법거래방지에관한특례법,마약,2013,2022,10,10,10,100.0,10Y
미성년자간음(심신미약자),성범죄,2013,2022,10,10,10,100.0,10Y
미성년자의제강간,성범죄,2013,2022,10,10,10,100.0,10Y
성폭력범죄의처벌등에관한특례법(성적목적다중이용장소침입),성범죄,2013,2022,10,10,10,100.0,10Y
성폭력범죄의처벌등에관한특례법위반(기타),성범죄,2013,2022,10,10,10,100.0,10Y
소방기본법,기타,2012,2022,10,10,11,90.9090909090909,10Y
아동·청소년의성보호에관한법률위반(매매),기타,2011,2021,10,10,11,90.9090909090909,10Y
약취·유인(추행·간음·결혼·영리),성범죄,2013,2022,10,10,10,100.0,10Y
업무상위력에의한간음,성범죄,2013,2022,10,10,10,100.0,10Y
외환관리법,기타,1994,2003,10,10,10,100.0,10Y
유사강간,성범죄,2013,2022,10,10,10,100.0,10Y
유사성행위,기타,2013,2022,10,10,10,100.0,10Y
음용수에관한죄,기타,2011,2022,10,10,12,83.33333333333334,10Y
장애인에대한강간·간음,성범죄,2013,2022,10,10,10,100.0,10Y
장애인에대한강제추행·추행,성범죄,2013,2022,10,10,10,100.0,10Y
절도(상습),절도,2013,2022,10,10,10,100.0,10Y
준강제추행,성범죄,2013,2022,10,10,10,100.0,10Y
준유사강간,성범죄,2013,2022,10,10,10,100.0,10Y
청소년에대한강간·간음,성범죄,2013,2022,10,10,10,100.0,10Y
청소년에대한강제추행·추행,성범죄,2013,2022,10,10,10,100.0,10Y
축산물위생처리법,기타,1990,1999,10,10,10,100.0,10Y
특가법(강도강간),강도,1994,2003,10,10,10,100.0,10Y
특가법(영리유인),기타,1994,2003,10,10,10,100.0,10Y
"특가법(체포·감금,독직폭행·가혹행위)",폭력,2013,2022,10,10,10,100.0,10Y
특수강간(준),성범죄,2013,2022,10,10,10,100.0,10Y
특수강제추행(준),성범죄,2013,2022,10,10,10,100.0,10Y
특수폭행치상,폭력,2013,2022,10,10,10,100.0,10Y
폭력행위등처벌에관한법률위반(기타),폭력,2011,2021,10,10,11,90.9090909090909,10Y
폭력행위등처벌에관한법률위반(단체등의[상습·공동·집단흉기등·상습집단흉기등]),폭력,2011,2020,10,10,10,100.0,10Y
"폭력행위등처벌에관한법률위반(상습집단,흉기등)",폭력,2011,2021,10,10,11,90.9090909090909,10Y
폭발성물건파열(과실),기타,2012,2022,10,10,11,90.9090909090909,10Y
강도상해·치상,강도,1994,2022,29,29,29,100.0,20Y
경범죄처벌법,기타,1994,2022,29,29,29,100.0,20Y
공문서위조·변조,위조,1994,2022,29,29,29,100.0,20Y
공연음란,기타,1994,2022,29,29,29,100.0,20Y
대기환경보전법,기타,1994,2022,29,29,29,100.0,20Y
도박,도박,1994,2022,29,29,29,100.0,20Y
도박개장,도박,1994,2022,29,29,29,100.0,20Y
도시가스사업법,기타,1994,2022,29,29,29,100.0,20Y
방화연소,방화,1994,2022,29,29,29,100.0,20Y
보건범죄특조법(부정의료업자),기타,1994,2022,29,29,29,100.0,20Y
부당이득,재산·경제,1994,2022,29,29,29,100.0,20Y
사기(상습),재산·경제,1994,2022,29,29,29,100.0,20Y
사문서위조·변조,위조,1994,2022,29,29,29,100.0,20Y
상해(중),폭력,1994,2022,29,29,29,100.0,20Y
업무상횡령,재산·경제,1994,2022,29,29,29,100.0,20Y
절도,절도,1994,2022,29,29,29,100.0,20Y
존속살해,살인,1994,2022,29,29,29,100.0,20Y
준강간,성범죄,1994,2022,29,29,29,100.0,20Y
준강도,강도,1994,2022,29,29,29,100.0,20Y
준사기,재산·경제,1994,2022,29,29,29,100.0,20Y
직무유기·수행거부,공직·부패,1994,2022,29,29,29,100.0,20Y
직업안정법,기타,1994,2022,29,29,29,100.0,20Y
출입국관리법,기타,1994,2022,29,29,29,100.0,20Y
특가법(도주차량),교통,1994,2022,29,29,29,100.0,20Y
특가법(보복범죄등),기타,1994,2022,29,29,29,100.0,20Y
특가법(절도),절도,1994,2022,29,29,29,100.0,20Y
특경법(배임),재산·경제,1994,2022,29,29,29,100.0,20Y
특경법(사기),재산·경제,1994,2022,29,29,29,100.0,20Y
특경법(알선수재),공직·부패,1994,2022,29,29,29,100.0,20Y
특경법(횡령),재산·경제,1994,2022,29,29,29,100.0,20Y
특수강도,강도,1994,2022,29,29,29,100.0,20Y
폭행,폭력,1994,2022,29,29,29,100.0,20Y
폭행치사,폭력,1994,2022,29,29,29,100.0,20Y
폭행치상,폭력,1994,2022,29,29,29,100.0,20Y
횡령,재산·경제,1994,2022,29,29,29,100.0,20Y
강도강간,강도,1994,2022,28,28,29,96.55172413793103,20Y
강도살인·치사,살인,1994,2022,28,28,29,96.55172413793103,20Y
특가법(뇌물),공직·부패,1995,2022,28,28,28,100.0,20Y
특수폭행,폭력,1995,2022,28,28,28,100.0,20Y
독직폭행·가혹행위,폭력,1994,2022,27,27,29,93.10344827586206,20Y
보건범죄특조법(부정의약품),기타,1995,2022,27,27,28,96.42857142857143,20Y
산림법,기타,1990,2022,27,27,33,81.81818181818183,20Y
수도법,기타,1994,2022,27,27,29,93.10344827586206,20Y
협박(특수),폭력,1995,2022,27,27,28,96.42857142857143,20Y
밀항단속법,기타,1990,2019,26,26,30,86.66666666666667,20Y
여신전문금융업법위반,재산·경제,1997,2022,26,26,26,100.0,20Y
영아살해,살인,1995,2022,26,26,28,92.85714285714286,20Y
청소년보호법,기타,1997,2022,26,26,26,100.0,20Y
컴퓨터등사용사기,재산·경제,1997,2022,26,26,26,100.0,20Y
특가법(알선수재),공직·부패,1994,2022,26,26,29,89.65517241379311,20Y
특경법(공갈),폭력,1994,2022,26,26,29,89.65517241379311,20Y
특경법(수재등),공직·부패,1995,2022,26,26,28,92.85714285714286,20Y
하수도법,기타,1994,2022,26,26,29,89.65517241379311,20Y
자살교사·방조,살인,1995,2022,25,25,28,89.28571428571429,20Y
특가법(조세),기타,1995,2022,25,25,28,89.28571428571429,20Y
보건범죄특조법(부정식품),기타,1994,2021,24,24,28,85.71428571428571,20Y
아동복지법,기타,1990,2013,24,24,24,100.0,20Y
특가법(통화위조),위조,1996,2020,24,24,25,96.0,20Y
특수절도(상습),절도,1994,2022,24,24,29,82.75862068965517,20Y
공갈(상습),폭력,1996,2022,23,23,27,85.18518518518519,20Y
인질강도,강도,1997,2022,23,23,26,88.46153846153845,20Y
특가법(강도),강도,1994,2017,23,23,24,95.83333333333334,20Y
특가법(장물),절도,1994,2020,23,23,27,85.18518518518519,20Y
간통,기타,1994,2015,22,22,22,100.0,20Y
특경법(사금융알선등),기타,1996,2022,22,22,27,81.48148148148148,20Y
공무방해에 관한 죄,기타,1990,2010,21,21,21,100.0,20Y
공안을 해하는 죄,기타,1990,2010,21,21,21,100.0,20Y
교통 방해의 죄,기타,1990,2010,21,21,21,100.0,20Y
기타통화에 관한 죄,기타,1990,2010,21,21,21,100.0,20Y
명예에 관한 죄,기타,1990,2010,21,21,21,100.0,20Y
부동산중개업법,기타,1990,2010,21,21,21,100.0,20Y
상법,기타,1990,2010,21,21,21,100.0,20Y
상습절도,절도,1990,2010,21,21,21,100.0,20Y
신앙에 관한 죄,기타,1990,2010,21,21,21,100.0,20Y
신용·업무와 경매에 관한 죄,기타,1990,2010,21,21,21,100.0,20Y
실화 및 업무상실화죄,방화,1990,2010,21,21,21,100.0,20Y
유기의 죄,기타,1990,2010,21,21,21,100.0,20Y
절도범,절도,1990,2010,21,21,21,100.0,20Y
주거침입의 죄,기타,1990,2010,21,21,21,100.0,20Y
집회 및 시위에 관한 법률,기타,1990,2010,21,21,21,100.0,20Y
총포·도검·화약류단속법,기타,1990,2010,21,21,21,100.0,20Y
컴퓨터프로그램보호법,기타,1994,2015,21,21,22,95.45454545454545,20Y
향토예비군설치법,기타,1990,2010,21,21,21,100.0,20Y
도주와 도주원조죄,기타,1990,2010,20,20,21,95.23809523809523,20Y
음용수에 관한 죄,기타,1990,2010,20,20,21,95.23809523809523,20Y
편의시설부정이용,기타,1998,2022,20,20,25,80.0,20Y
혼인빙자간음,성범죄,1994,2013,20,20,20,100.0,20Y
강간,성범죄,1990,2022,33,33,33,100.0,30Y
강도,강도,1990,2022,33,33,33,100.0,30Y
건축법,기타,1990,2022,33,33,33,100.0,30Y
고압가스안전관리법,기타,1990,2022,33,33,33,100.0,30Y
공갈,폭력,1990,2022,33,33,33,100.0,30Y
국가보안법,기타,1990,2022,33,33,33,100.0,30Y
도로법,기타,1990,2022,33,33,33,100.0,30Y
방화,방화,1990,2022,33,33,33,100.0,30Y
배임,재산·경제,1990,2022,33,33,33,100.0,30Y
배임수재,재산·경제,1990,2022,33,33,33,100.0,30Y
범인은닉·범인도피죄,기타,1990,2022,33,33,33,100.0,30Y
변호사법,기타,1990,2022,33,33,33,100.0,30Y
병역법,기타,1990,2022,33,33,33,100.0,30Y
부정수표단속법,재산·경제,1990,2022,33,33,33,100.0,30Y
사기,재산·경제,1990,2022,33,33,33,100.0,30Y
산업안전보건법,기타,1990,2022,33,33,33,100.0,30Y
살인,살인,1990,2022,33,33,33,100.0,30Y
상표법,지식재산,1990,2022,33,33,33,100.0,30Y
상해,폭력,1990,2022,33,33,33,100.0,30Y
상해치사,폭력,1990,2022,33,33,33,100.0,30Y
식품위생법,기타,1990,2022,33,33,33,100.0,30Y
실용신안법,지식재산,1990,2022,33,33,33,100.0,30Y
야간주거침입절도,절도,1990,2022,33,33,33,100.0,30Y
약사법,기타,1990,2022,33,33,33,100.0,30Y
업무상배임,재산·경제,1990,2022,33,33,33,100.0,30Y
여권법,기타,1990,2022,33,33,33,100.0,30Y
위증죄,기타,1990,2022,33,33,33,100.0,30Y
의료법,기타,1990,2022,33,33,33,100.0,30Y
자동차관리법,기타,1990,2022,33,33,33,100.0,30Y
저작권법,지식재산,1990,2022,33,33,33,100.0,30Y
조세범처벌법,기타,1990,2022,33,33,33,100.0,30Y
존속상해,폭력,1990,2022,33,33,33,100.0,30Y
존속폭행,폭력,1990,2022,33,33,33,100.0,30Y
존속협박,폭력,1990,2022,33,33,33,100.0,30Y
주민등록법,기타,1990,2022,33,33,33,100.0,30Y
주차장법,기타,1990,2022,33,33,33,100.0,30Y
특수절도,절도,1990,2022,33,33,33,100.0,30Y
폐기물관리법,기타,1990,2022,33,33,33,100.0,30Y
협박,폭력,1990,2022,33,33,33,100.0,30Y
근로기준법,기타,1990,2022,32,32,33,96.96969696969697,30Y
문화재보호법,기타,1990,2022,32,32,33,96.96969696969697,30Y
배임증재,재산·경제,1990,2022,32,32,33,96.96969696969697,30Y
비밀침해죄,기타,1990,2022,32,32,33,96.96969696969697,30Y
하천법,기타,1990,2022,32,32,33,96.96969696969697,30Y
특허법,지식재산,1992,2022,31,31,31,100.0,30Y
공무상비밀누설,공직·부패,1990,2022,30,30,33,90.9090909090909,30Y
손괴의죄,손괴,1990,2022,30,30,33,90.9090909090909,30Y
교통사고처리특례법,교통,1990,2022,23,23,33,69.6969696969697,SHORT
존속폭행(상습),폭력,1994,2022,20,20,29,68.96551724137932,SHORT
협박(상습),폭력,1995,2022,19,19,28,67.85714285714286,SHORT
피의사실공표,기타,1993,2022,18,18,30,60.0,SHORT
양곡관리법,기타,1990,2020,17,17,31,54.83870967741935,SHORT
도로교통법,교통,1990,2022,16,16,33,48.484848484848484,SHORT
야간주거침입절도(상습),절도,1996,2022,16,16,27,59.25925925925925,SHORT
직권남용,기타,1990,2022,16,16,33,48.484848484848484,SHORT
존속폭행치사,폭력,1994,2020,15,15,27,55.55555555555556,SHORT
특경법(증재등),기타,1995,2020,15,15,26,57.692307692307686,SHORT
혼인빙자간음(위계간음),성범죄,1994,2022,14,14,29,48.275862068965516,SHORT
상해(상습),폭력,2003,2022,13,13,20,65.0,SHORT
석유사업법,기타,1990,2014,13,13,25,52.0,SHORT
복표발매(중개·취득),기타,1998,2022,12,12,25,48.0,SHORT
존속상해(상습),폭력,1994,2022,12,12,29,41.37931034482759,SHORT
특가법(강도상해재범),강도,1994,2021,12,12,28,42.857142857142854,SHORT
일수와 수리에 관한 죄,기타,1992,2010,11,11,19,57.89473684210527,SHORT
존속폭행(특수),폭력,2003,2022,11,11,20,55.00000000000001,SHORT
존속협박(특수),폭력,2000,2022,11,11,23,47.82608695652174,SHORT
체포감금(중),기타,1994,2009,11,11,16,68.75,SHORT
토양환경보전법,기타,2004,2022,11,11,19,57.89473684210527,SHORT
폭발물에 관한 죄,기타,1990,2010,11,11,21,52.38095238095239,SHORT
주택건설촉진법,기타,1990,2013,10,10,24,41.66666666666667,SHORT
가스등방출(치사·상),기타,2012,2022,9,9,11,81.81818181818183,SHORT
가정폭력범죄의처벌등에관한특례법위반,폭력,2014,2022,9,9,9,100.0,SHORT
기타병역범죄,기타,2011,2021,9,9,11,81.81818181818183,SHORT
기타선거범죄,기타,2011,2022,9,9,12,75.0,SHORT
독점규제및공정거래에관한법률,기타,2011,2022,9,9,12,75.0,SHORT
매장 및 묘지등에 관한 법률,기타,1994,2002,9,9,9,100.0,SHORT
상호신용금고법,기타,1994,2002,9,9,9,100.0,SHORT
생명윤리및안전에관한법률,기타,2011,2022,9,9,12,75.0,SHORT
선거방해,기타,1992,2022,9,9,31,29.03225806451613,SHORT
성폭력범죄의 처벌 및 피해자보호에 관한 법,성범죄,1994,2003,9,9,10,90.0,SHORT
수산자원보호령,기타,1996,2009,9,9,14,64.28571428571429,SHORT
아동복지법위반(기타),기타,2014,2022,9,9,9,100.0,SHORT
아동복지법위반(유기·학대 등),기타,2014,2022,9,9,9,100.0,SHORT
아동학대처벌법위반(기타),기타,2014,2022,9,9,9,100.0,SHORT
아동학대처벌법위반(상습폭행),폭력,2014,2022,9,9,9,100.0,SHORT
야생생물보호및관리에관한법률위반,기타,2014,2022,9,9,9,100.0,SHORT
우표(인지)등위(변)조,기타,1994,2010,9,9,17,52.94117647058824,SHORT
유사강간상해·치상,성범죄,2014,2022,9,9,9,100.0,SHORT
장사등에관한법률,기타,2011,2022,9,9,12,75.0,SHORT
정당법,기타,2011,2022,9,9,12,75.0,SHORT
정보통신망이용촉진및정보보호등에관한법률위반(개인정보누설등),기타,2014,2022,9,9,9,100.0,SHORT
정보통신망이용촉진및정보보호등에관한법률위반(기타),기타,2014,2022,9,9,9,100.0,SHORT
정보통신망이용촉진및정보보호등에관한법률위반(명예훼손),기타,2014,2022,9,9,9,100.0,SHORT
정보통신망이용촉진및정보보호등에관한법률위반(정보통신망침해등),기타,2014,2022,9,9,9,100.0,SHORT
주거침입강간,성범죄,2014,2022,9,9,9,100.0,SHORT
주거침입강제추행,성범죄,2014,2022,9,9,9,100.0,SHORT
준특수강도,강도,1994,2022,9,9,29,31.03448275862069,SHORT
특가법(관세),기타,1994,2019,9,9,26,34.61538461538461,SHORT
특가법(국고손실),기타,1997,2022,9,9,26,34.61538461538461,SHORT
특가법(미성년자약취유인),기타,1994,2003,9,9,10,90.0,SHORT
폭력행위등처벌에관한법률위반(단체등의구성·활동),폭력,2011,2021,9,9,11,81.81818181818183,SHORT
형사소송법,기타,1994,2021,9,9,28,32.142857142857146,SHORT
형의실효등에관한법률,기타,2011,2022,9,9,12,75.0,SHORT
과실폭발물파열(방출·유출),기타,1997,2011,8,8,15,53.333333333333336,SHORT
내수면어업법,기타,2009,2019,8,8,11,72.72727272727273,SHORT
도주와도주원조죄,기타,2011,2022,8,8,12,66.66666666666666,SHORT
보안관찰법,기타,1996,2017,8,8,22,36.36363636363637,SHORT
아동학대처벌법위반(아동복지시설 종사자 등의 아동학대 가중처벌),기타,2015,2022,8,8,8,100.0,SHORT
아동학대처벌법위반(유기·학대 등),기타,2015,2022,8,8,8,100.0,SHORT
아동학대처벌법위반(처분 불이행 등),기타,2015,2022,8,8,8,100.0,SHORT
전염병예방법,기타,1990,2010,8,8,21,38.095238095238095,SHORT
주거침입유사강간,성범죄,2014,2022,8,8,9,88.88888888888889,SHORT
특가법(보복상해등),폭력,2015,2022,8,8,8,100.0,SHORT
특가법(보복폭행등),폭력,2015,2022,8,8,8,100.0,SHORT
특가법(보복협박등),폭력,2015,2022,8,8,8,100.0,SHORT
특수강도강간,강도,2014,2021,8,8,8,100.0,SHORT
강간치사(준),성범죄,1994,2001,7,7,8,87.5,SHORT
결혼약취유인,기타,1994,2005,7,7,12,58.333333333333336,SHORT
계량법,기타,1990,2001,7,7,12,58.333333333333336,SHORT
공공기관의 개인정보보호에 관한 법률,기타,2004,2010,7,7,7,100.0,SHORT
공유수면관리법,기타,1990,2009,7,7,20,35.0,SHORT
국토의계획 및 이용에 관한 법률,기타,2004,2010,7,7,7,100.0,SHORT
농산물품질관리법,기타,2004,2010,7,7,7,100.0,SHORT
농지의 보전 및 이용에 관한 법률,기타,1994,2001,7,7,8,87.5,SHORT
대부업의 등록 및 금융이용자보호에 관한 법률,기타,2004,2010,7,7,7,100.0,SHORT
독점규제 및 공정거래에 관한 법률,기타,1994,2006,7,7,13,53.84615384615385,SHORT
마약류 관리에 관한 법률(마약),마약,2004,2010,7,7,7,100.0,SHORT
마약류관리에 관한법률(대마),마약,2004,2010,7,7,7,100.0,SHORT
마약류관리에 관한법률(향정),마약,2004,2010,7,7,7,100.0,SHORT
미성년자의제강제추행,성범죄,2015,2022,7,7,8,87.5,SHORT
미성년자추행(심신미약자),성범죄,2013,2022,7,7,10,70.0,SHORT
민사소송법,기타,2004,2010,7,7,7,100.0,SHORT
보험사기방지특별법위반,재산·경제,2016,2022,7,7,7,100.0,SHORT
부정경쟁방지 및 영업비밀보호에 관한 법률,기타,2004,2010,7,7,7,100.0,SHORT
성매매알선등 행위의 처벌에 관한 법률,성범죄,2004,2010,7,7,7,100.0,SHORT
성매매알선등행위의처벌에관한법률위반(아동·청소년),성범죄,2011,2019,7,7,9,77.77777777777779,SHORT
신용정보의 이용 및 보호에 관한 법률,기타,2004,2010,7,7,7,100.0,SHORT
옥외광고물등관리법,기타,2004,2010,7,7,7,100.0,SHORT
유사수신행위의 규제에 관한 법률,기타,2004,2010,7,7,7,100.0,SHORT
의료기기법,기타,2004,2010,7,7,7,100.0,SHORT
인장업법,기타,1994,2003,7,7,10,70.0,SHORT
자연환경보전법,기타,1997,2005,7,7,9,77.77777777777779,SHORT
장사등에 관한 법률,기타,2004,2010,7,7,7,100.0,SHORT
장애인에대한준강간등,성범죄,2013,2019,7,7,7,100.0,SHORT
재난및안전관리기본법,기타,2011,2021,7,7,11,63.63636363636363,SHORT
전기통신사업법,기타,2004,2010,7,7,7,100.0,SHORT
정보통신망 이용촉진 및 정보보호등에 관한 법률,기타,2004,2010,7,7,7,100.0,SHORT
존속상해(특수·특수중),폭력,2016,2022,7,7,7,100.0,SHORT
증권거래법,기타,2004,2010,7,7,7,100.0,SHORT
직업안정 및 고용촉진에 관한 법률,기타,1994,2002,7,7,9,77.77777777777779,SHORT
청소년성보호에 관한 법률,기타,2004,2010,7,7,7,100.0,SHORT
체포·감금(특수·특수중),기타,2016,2022,7,7,7,100.0,SHORT
축산물가공처리법,기타,2004,2010,7,7,7,100.0,SHORT
특가법(독직폭행),폭력,1994,2010,7,7,17,41.17647058823529,SHORT
특가법(미성년자유인),기타,1994,2002,7,7,9,77.77777777777779,SHORT
특가법(영리약취),기타,1994,2003,7,7,10,70.0,SHORT
특수공갈,폭력,2016,2022,7,7,7,100.0,SHORT
특수상해,폭력,2016,2022,7,7,7,100.0,SHORT
폭행치상(특수),폭력,1998,2009,7,7,12,58.333333333333336,SHORT
학교보건법,기타,2004,2010,7,7,7,100.0,SHORT
학원의설립·운영 및 과외교섭에 관한법률,기타,2004,2010,7,7,7,100.0,SHORT
환경보전법,기타,1990,2000,7,7,11,63.63636363636363,SHORT
강간등살인,살인,1998,2011,6,6,14,42.857142857142854,SHORT
건설기계관리법,기타,1994,2010,6,6,17,35.294117647058826,SHORT
교육환경법,기타,2017,2022,6,6,6,100.0,SHORT
미성년자의제유사강간,성범죄,2014,2022,6,6,9,66.66666666666666,SHORT
민방위기본법,기타,1990,1995,6,6,6,100.0,SHORT
부정청탁금지법,기타,2017,2022,6,6,6,100.0,SHORT
상품권법,기타,1994,1999,6,6,6,100.0,SHORT
석유 및 석유대체연료사업법,기타,2005,2010,6,6,6,100.0,SHORT
선박직원법,기타,1990,2015,6,6,26,23.076923076923077,SHORT
성폭력범죄의 처벌 및 피해자보호등에 관한 법률,성범죄,2004,2009,6,6,6,100.0,SHORT
소방법,기타,1990,2005,6,6,16,37.5,SHORT
수산물품질관리법,기타,2004,2009,6,6,6,100.0,SHORT
수산업법,기타,1990,2006,6,6,17,35.294117647058826,SHORT
야생동식물보호법,기타,2005,2010,6,6,6,100.0,SHORT
용역경비업법,기타,1994,1999,6,6,6,100.0,SHORT
유해화학물질관리법(환각물질흡입등),기타,2004,2009,6,6,6,100.0,SHORT
음반·비디오물 및 게임물에 관한법률,기타,2005,2010,6,6,6,100.0,SHORT
의료보험법,기타,1994,2002,6,6,9,66.66666666666666,SHORT
중기관리법,기타,1990,1998,6,6,9,66.66666666666666,SHORT
촉탁·승락살인,살인,1995,2010,6,6,16,37.5,SHORT
특가법(국외이송유인),기타,1994,2001,6,6,8,75.0,SHORT
특가법(미성년자약취),기타,1994,2002,6,6,9,66.66666666666666,SHORT
폭력행위등처벌에관한법률위반(야간집단흉기등),폭력,2011,2020,6,6,10,60.0,SHORT
폭발성물건파열(치사·상),기타,2012,2021,6,6,10,60.0,SHORT
강간등살인·치사,살인,2012,2020,5,5,9,55.55555555555556,SHORT
게임산업진흥에 관한 법률,기타,2006,2010,5,5,5,100.0,SHORT
구국가보안법,기타,1994,1999,5,5,6,83.33333333333334,SHORT
보건범죄특조법(허위정보),기타,1997,2005,5,5,9,55.55555555555556,SHORT
약취·유인(노동력착취·성매매·성적착취·장기적출),성범죄,2014,2019,5,5,6,83.33333333333334,SHORT
업무상과실폭발물파열(방출·유출),기타,1997,2010,5,5,14,35.714285714285715,SHORT
영화 및 비디오물의 진흥에 관한 법률,기타,2006,2010,5,5,5,100.0,SHORT
외환의 죄,기타,1990,2001,5,5,12,41.66666666666667,SHORT
위계·위력·촉탁·승락살인,살인,1995,2004,5,5,10,50.0,SHORT
유선 및 도선업법,기타,1995,2000,5,5,6,83.33333333333334,SHORT
유해화학물질관리법(본드등),기타,1994,2002,5,5,9,55.55555555555556,SHORT
음반·비디오물및게임물에관한법률,기타,2011,2019,5,5,9,55.55555555555556,SHORT
음악산업진흥에 관한 법률,기타,2006,2010,5,5,5,100.0,SHORT
음행매개,기타,1997,2021,5,5,25,20.0,SHORT
정신건강복지법,기타,2018,2022,5,5,5,100.0,SHORT
특가법(간음유인),성범죄,1994,2003,5,5,10,50.0,SHORT
특가법(무고),기타,1997,2022,5,5,26,19.230769230769234,SHORT
특가법(영리약취·유인·매매),기타,2011,2015,5,5,5,100.0,SHORT
특가법(향정),마약,2008,2022,5,5,15,33.33333333333333,SHORT
폭력행위등처벌에관한법률위반(야간·공동),폭력,2011,2020,5,5,10,50.0,SHORT
형의실효등에 관한 법률,기타,1994,2005,5,5,12,41.66666666666667,SHORT
가스등공급사용방해(과실),기타,2014,2022,4,4,9,44.44444444444444,SHORT
간통죄,기타,1990,1993,4,4,4,100.0,SHORT
강간살인·치사,살인,2016,2021,4,4,6,66.66666666666666,SHORT
강간죄,성범죄,1990,1993,4,4,4,100.0,SHORT
강간치사상죄,성범죄,1990,1993,4,4,4,100.0,SHORT
강도강간죄,강도,1990,1993,4,4,4,100.0,SHORT
강도살인치사죄,살인,1990,1993,4,4,4,100.0,SHORT
강도상해치상죄,강도,1990,1993,4,4,4,100.0,SHORT
강제추행치사(준),성범죄,1995,2003,4,4,9,44.44444444444444,SHORT
고물영업법,기타,1990,1993,4,4,4,100.0,SHORT
공문서위·변조죄,위조,1990,1993,4,4,4,100.0,SHORT
공산품품질관리법,기타,1990,1993,4,4,4,100.0,SHORT
공연음란죄,기타,1990,1993,4,4,4,100.0,SHORT
공용·일반건조물방화죄,방화,1990,1993,4,4,4,100.0,SHORT
공유수면관리및매립에관한법률위반,기타,2012,2018,4,4,7,57.14285714285714,SHORT
공인위조부정행사죄,위조,1990,1993,4,4,4,100.0,SHORT
과실치상의죄,기타,1990,1993,4,4,4,100.0,SHORT
광고물등관리법,기타,1990,1993,4,4,4,100.0,SHORT
국기에 관한 죄,기타,1990,2001,4,4,12,33.33333333333333,SHORT
국토이용관리법,기타,1990,1993,4,4,4,100.0,SHORT
국회의원 선거법,기타,1990,1993,4,4,4,100.0,SHORT
권리행사방해죄,기타,1990,1993,4,4,4,100.0,SHORT
기타문서에 관한죄,기타,1990,1993,4,4,4,100.0,SHORT
기타약취유인죄,기타,1990,1993,4,4,4,100.0,SHORT
기타유가증권우표인지에 관한 죄,기타,1990,1993,4,4,4,100.0,SHORT
낙태에 관한죄,기타,1990,1993,4,4,4,100.0,SHORT
내란의 죄,기타,1990,2004,4,4,15,26.666666666666668,SHORT
내수면어업개발촉진법,기타,1990,1993,4,4,4,100.0,SHORT
노동쟁의조정법,기타,1990,1996,4,4,7,57.14285714285714,SHORT
농수산물품질관리법,기타,2011,2020,4,4,10,40.0,SHORT
농지보전이용법,기타,1990,1993,4,4,4,100.0,SHORT
뇌물공여죄,공직·부패,1990,1993,4,4,4,100.0,SHORT
뇌물수수죄,공직·부패,1990,1993,4,4,4,100.0,SHORT
담배전매법,기타,1990,1993,4,4,4,100.0,SHORT
대외무역법,기타,1990,1993,4,4,4,100.0,SHORT
도박개장죄,도박,1990,1993,4,4,4,100.0,SHORT
도박죄,도박,1990,1993,4,4,4,100.0,SHORT
매장 및 묘지에 관한법,기타,1990,1993,4,4,4,100.0,SHORT
무고죄,기타,1990,1993,4,4,4,100.0,SHORT
물가안정·공정거래법,기타,1990,1993,4,4,4,100.0,SHORT
미성년자약취유인죄,기타,1990,1993,4,4,4,100.0,SHORT
방화등예비음모,방화,1990,1993,4,4,4,100.0,SHORT
보건범죄단속에 관한 특별조치법,기타,1990,1993,4,4,4,100.0,SHORT
보통살인죄,살인,1990,1993,4,4,4,100.0,SHORT
복표발매·중개·취득죄,기타,1990,1993,4,4,4,100.0,SHORT
복표발행등단속법,기타,1990,1993,4,4,4,100.0,SHORT
사문서위·변조죄,위조,1990,1993,4,4,4,100.0,SHORT
사인위조부정행사죄,위조,1990,1993,4,4,4,100.0,SHORT
사회보호법,기타,1990,1993,4,4,4,100.0,SHORT
살인미수예비음모죄,살인,1990,1993,4,4,4,100.0,SHORT
상습(특수·인질·해상강도),강도,1995,2003,4,4,9,44.44444444444444,SHORT
상습강도죄,강도,1990,1993,4,4,4,100.0,SHORT
상습도박죄,도박,1990,1993,4,4,4,100.0,SHORT
상습장물취득죄,절도,1990,1993,4,4,4,100.0,SHORT
석유산업법,기타,1990,1993,4,4,4,100.0,SHORT
선박안전법,기타,1990,1993,4,4,4,100.0,SHORT
수산자원보호법,기타,1990,1993,4,4,4,100.0,SHORT
액화석유가스법,기타,1990,1993,4,4,4,100.0,SHORT
약취강도,강도,1994,1999,4,4,6,66.66666666666666,SHORT
업무상장물취득죄,절도,1990,1993,4,4,4,100.0,SHORT
업무상횡령죄,재산·경제,1990,1993,4,4,4,100.0,SHORT
에너지이용합리화법,기타,1990,1993,4,4,4,100.0,SHORT
외국환관리법,기타,1990,1993,4,4,4,100.0,SHORT
우표인지위·변조죄,위조,1990,1993,4,4,4,100.0,SHORT
위계촉탁살인죄,살인,1990,1993,4,4,4,100.0,SHORT
유가증권위·변조죄,위조,1990,1993,4,4,4,100.0,SHORT
유선방송관리법,기타,1990,1993,4,4,4,100.0,SHORT
음행매개죄,기타,1990,1993,4,4,4,100.0,SHORT
음화반포제조죄,기타,1990,1993,4,4,4,100.0,SHORT
인장업단속법,기타,1990,1993,4,4,4,100.0,SHORT
인질강요,기타,1997,2008,4,4,12,33.33333333333333,SHORT
일반강도죄,강도,1990,1993,4,4,4,100.0,SHORT
일반물방화죄,방화,1990,1993,4,4,4,100.0,SHORT
일반절도죄,절도,1990,1993,4,4,4,100.0,SHORT
자기소유건조물방화죄,방화,1990,1993,4,4,4,100.0,SHORT
자기소유일반물방화죄,방화,1990,1993,4,4,4,100.0,SHORT
장물취득죄,절도,1990,1993,4,4,4,100.0,SHORT
전기용품안전관리법,기타,1990,1993,4,4,4,100.0,SHORT
절도강제추행,성범죄,2015,2018,4,4,4,100.0,SHORT
점유이탈물횡령죄,재산·경제,1990,1993,4,4,4,100.0,SHORT
정조에 관한죄,기타,1990,1993,4,4,4,100.0,SHORT
존속살인죄,살인,1990,1993,4,4,4,100.0,SHORT
존속상해(중),폭력,1995,2020,4,4,26,15.384615384615385,SHORT
존속체포·감금죄,기타,1990,1993,4,4,4,100.0,SHORT
존속협박(상습),폭력,2007,2022,4,4,16,25.0,SHORT
준강간(상습),성범죄,2013,2022,4,4,10,40.0,SHORT
준강간죄,성범죄,1990,1993,4,4,4,100.0,SHORT
준강도죄,강도,1990,1993,4,4,4,100.0,SHORT
직무유기죄,공직·부패,1990,1993,4,4,4,100.0,SHORT
직업안정·고용촉진법,기타,1990,1993,4,4,4,100.0,SHORT
체포감금죄,기타,1990,1993,4,4,4,100.0,SHORT
체포감금치사·상죄,기타,1990,1993,4,4,4,100.0,SHORT
촉탁·승낙살인,살인,2011,2021,4,4,11,36.36363636363637,SHORT
촉탁·승낙살인죄,살인,1990,1993,4,4,4,100.0,SHORT
통화위조죄,위조,1990,1993,4,4,4,100.0,SHORT
특가법(감금),기타,1996,2007,4,4,12,33.33333333333333,SHORT
특가법(마약),마약,1995,2022,4,4,28,14.285714285714285,SHORT
특가법(특수강간),성범죄,1994,1999,4,4,6,66.66666666666666,SHORT
특수강도강제추행,강도,2015,2022,4,4,8,50.0,SHORT
특수강도죄,강도,1990,1993,4,4,4,100.0,SHORT
특수상해(상습),폭력,2016,2021,4,4,6,66.66666666666666,SHORT
특수폭행(상습),폭력,2017,2022,4,4,6,66.66666666666666,SHORT
특정경제범죄처벌법,기타,1990,1993,4,4,4,100.0,SHORT
특정범죄가중처벌등에 관한 법률,기타,1990,1993,4,4,4,100.0,SHORT
폭력행위등처벌에 관한 죄,폭력,1990,1993,4,4,4,100.0,SHORT
폭행죄,폭력,1990,1993,4,4,4,100.0,SHORT
폭행치사·상죄,폭력,1990,1993,4,4,4,100.0,SHORT
피약취자·피유인자·피매매자등,기타,1995,2008,4,4,14,28.57142857142857,SHORT
해상강도죄,강도,1990,1993,4,4,4,100.0,SHORT
해양오염방지법,기타,1990,1993,4,4,4,100.0,SHORT
허위감정·증거인멸죄,기타,1990,1993,4,4,4,100.0,SHORT
현재건조물방화치사·상죄,방화,1990,1993,4,4,4,100.0,SHORT
혼인빙자간음죄,성범죄,1990,1993,4,4,4,100.0,SHORT
화염병 사용 등 처벌에 관한 법률,기타,1990,1993,4,4,4,100.0,SHORT
환경범죄의 처벌에 관한 특별조치법,기타,1994,1999,4,4,6,66.66666666666666,SHORT
횡령죄,재산·경제,1990,1993,4,4,4,100.0,SHORT
가스등방출(과실),기타,2012,2019,3,3,8,37.5,SHORT
감염병예방법,기타,2020,2022,3,3,3,100.0,SHORT
강간(상습),성범죄,2013,2022,3,3,10,30.0,SHORT
개항질서법,기타,1990,1992,3,3,3,100.0,SHORT
공유수면매립법,기타,1991,1993,3,3,3,100.0,SHORT
국외이송약취·유인·인신매매,기타,2013,2018,3,3,6,50.0,SHORT
군복 군용물 등 장구류 단속,기타,1991,1993,3,3,3,100.0,SHORT
도교법(교통사고),교통,2001,2003,3,3,3,100.0,SHORT
도시공원법,기타,2004,2006,3,3,3,100.0,SHORT
독물 및 극물에 관한 법률,기타,1990,1995,3,3,6,50.0,SHORT
독직가혹행위죄,기타,1990,1993,3,3,4,75.0,SHORT
보건범죄특조법(부정유독물),기타,1994,2004,3,3,11,27.27272727272727,SHORT
사격장안전법,기타,2013,2021,3,3,9,33.33333333333333,SHORT
"성폭력범죄의처벌등에관한특례법(촬영물등이용협박,강요등)",성범죄,2020,2022,3,3,3,100.0,SHORT
"성폭력범죄의처벌등에관한특례법(허위영상물편집,반포등)",성범죄,2020,2022,3,3,3,100.0,SHORT
성폭력범죄의처벌및피해자보호등에관한법률위반,성범죄,2011,2013,3,3,3,100.0,SHORT
수표법,기타,1994,2004,3,3,11,27.27272727272727,SHORT
신용조사업법,기타,1994,1999,3,3,6,50.0,SHORT
신용카드업법,기타,1994,1996,3,3,3,100.0,SHORT
아편에 관한죄,기타,1990,1993,3,3,4,75.0,SHORT
야생동·식물보호법,기타,2011,2013,3,3,3,100.0,SHORT
약취강도죄,강도,1990,1992,3,3,3,100.0,SHORT
어선법,기타,1991,1993,3,3,3,100.0,SHORT
연소죄,기타,1990,1993,3,3,4,75.0,SHORT
영아살해죄,살인,1990,1993,3,3,4,75.0,SHORT
위계·위력·촉탁·승낙살인,살인,2011,2013,3,3,3,100.0,SHORT
유선및도선사업법,기타,2013,2022,3,3,10,30.0,SHORT
인질강요·살해·상해,폭력,2016,2021,3,3,6,50.0,SHORT
일수와수리에관한죄,기타,2012,2022,3,3,11,27.27272727272727,SHORT
자살교사방조죄,살인,1990,1993,3,3,4,75.0,SHORT
절도강간등,성범죄,2013,2015,3,3,3,100.0,SHORT
정보통신망이용촉진및정보보호등에관한법률,기타,2011,2013,3,3,3,100.0,SHORT
존속체포·감금치사상(중·특수·상습),기타,2015,2022,3,3,8,37.5,SHORT
준강제추행(상습),성범죄,2014,2018,3,3,5,60.0,SHORT
지방의회의원선거법,기타,1991,1993,3,3,3,100.0,SHORT
지하수법,기타,2004,2006,3,3,3,100.0,SHORT
직권남용횡포감금죄,기타,1991,1993,3,3,3,100.0,SHORT
토지수용법,기타,1996,2001,3,3,6,50.0,SHORT
특가법(어린이보호구역치사상),기타,2020,2022,3,3,3,100.0,SHORT
특경법(보고의무),기타,1999,2008,3,3,10,30.0,SHORT
특수강도유사강간,강도,2016,2022,3,3,7,42.857142857142854,SHORT
특수폭행치사,폭력,2013,2018,3,3,6,50.0,SHORT
폭발물파열죄,기타,1991,1993,3,3,3,100.0,SHORT
피약취자·피유인자·피매매자(상해·치상),폭력,2015,2022,3,3,8,37.5,SHORT
(추행·간음·영리)약취·유인,성범죄,2011,2012,2,2,2,100.0,SHORT
16세미만아동·청소년간음,성범죄,2021,2022,2,2,2,100.0,SHORT
16세미만아동·청소년추행,성범죄,2021,2022,2,2,2,100.0,SHORT
강간·강제추행,성범죄,2011,2012,2,2,2,100.0,SHORT
노동조합 및 노동관계 조정법,기타,2005,2010,2,2,6,33.33333333333333,SHORT
대기환경보존법,기타,1992,1993,2,2,2,100.0,SHORT
동물보호법,기타,2021,2022,2,2,2,100.0,SHORT
미성년자의제강간등,성범죄,2011,2012,2,2,2,100.0,SHORT
밀선단속법,기타,1992,1993,2,2,2,100.0,SHORT
병역법위반등의 범죄처벌특조법,기타,1990,1991,2,2,2,100.0,SHORT
복표발행등사행행위단속법,기타,1996,1998,2,2,3,66.66666666666666,SHORT
부패방지법,기타,2021,2022,2,2,2,100.0,SHORT
불법사용(상습),기타,2019,2021,2,2,3,66.66666666666666,SHORT
사격 및 사격장단속법,기타,1999,2006,2,2,8,25.0,SHORT
"사인등위조, 부정사용행사",위조,1994,1996,2,2,3,66.66666666666666,SHORT
소비자보호법,기타,1994,1995,2,2,2,100.0,SHORT
소음진동규제법위반,기타,1992,1993,2,2,2,100.0,SHORT
스토킹처벌법,기타,2021,2022,2,2,2,100.0,SHORT
아동학대처벌법(아동학대살해),기타,2021,2022,2,2,2,100.0,SHORT
아동학대처벌법위반(비밀유지의무위반 등),기타,2019,2022,2,2,4,50.0,SHORT
아동학대처벌법위반(상습상해),폭력,2015,2022,2,2,8,25.0,SHORT
업무상위력간음,성범죄,2011,2012,2,2,2,100.0,SHORT
오수·분뇨 및 축산 폐수처리법,기타,1992,1993,2,2,2,100.0,SHORT
유기장업법,기타,1994,1998,2,2,5,40.0,SHORT
인신매매,기타,2014,2022,2,2,9,22.22222222222222,SHORT
장애인에대한강간등,성범죄,2011,2012,2,2,2,100.0,SHORT
절도·불법사용(상습),절도,2011,2012,2,2,2,100.0,SHORT
준사기(상습),재산·경제,2019,2022,2,2,4,50.0,SHORT
진화방해죄,기타,1991,1993,2,2,3,66.66666666666666,SHORT
친족관계에의한준강간등,성범죄,2011,2012,2,2,2,100.0,SHORT
컴퓨터프로그램법,기타,1992,1993,2,2,2,100.0,SHORT
특가법(13세미만약취·유인등),기타,2017,2018,2,2,2,100.0,SHORT
특가법(간음약취),성범죄,1994,1996,2,2,3,66.66666666666666,SHORT
특가법(국외이송약취),기타,1995,1996,2,2,2,100.0,SHORT
특가법(독직가혹행위),기타,2007,2009,2,2,3,66.66666666666666,SHORT
특가법(보복살인등),살인,2021,2022,2,2,2,100.0,SHORT
특가법(보복체포·감금등),기타,2016,2022,2,2,7,28.57142857142857,SHORT
특가법(산림),기타,1999,2006,2,2,8,25.0,SHORT
특가법(운전자협박),폭력,2011,2015,2,2,5,40.0,SHORT
특가법(체포),기타,1998,2010,2,2,13,15.384615384615385,SHORT
특수강간,성범죄,2011,2012,2,2,2,100.0,SHORT
특수강제추행,성범죄,2011,2012,2,2,2,100.0,SHORT
특수상해(중),폭력,2021,2022,2,2,2,100.0,SHORT
특수절도강간등,성범죄,2011,2012,2,2,2,100.0,SHORT
특수준강제추행,성범죄,2011,2012,2,2,2,100.0,SHORT
폭력행위등처벌에관한법률위반(단체등의[상습·공동·상습특수]),폭력,2021,2022,2,2,2,100.0,SHORT
폭력행위등처벌에관한법률위반(직무유기),폭력,2014,2015,2,2,2,100.0,SHORT
피보호자(피감호자)간음,성범죄,2011,2012,2,2,2,100.0,SHORT
합성수지폐기물처리사업법,기타,1992,1993,2,2,2,100.0,SHORT
형시효등에 관한 법률,기타,1996,2001,2,2,6,33.33333333333333,SHORT
환경범죄의 단속에 관한 특별조치법,기타,2006,2008,2,2,3,66.66666666666666,SHORT
환경범죄특별법위반,기타,1992,1993,2,2,2,100.0,SHORT
환경오염피해분쟁조정법,기타,1992,1993,2,2,2,100.0,SHORT
후천성면역결핍증예방법,기타,2004,2006,2,2,3,66.66666666666666,SHORT
(특수·인질·해상)강도(상습),강도,2016,2016,1,1,1,100.0,SHORT
결혼약취·유인,기타,2012,2012,1,1,1,100.0,SHORT
계량에 관한 법률,기타,2007,2007,1,1,1,100.0,SHORT
국교에 관한 죄,기타,1991,1991,1,1,1,100.0,SHORT
기타교통범죄,기타,2011,2011,1,1,1,100.0,SHORT
낚시관리및육성법위반,기타,2022,2022,1,1,1,100.0,SHORT
노동조합법,기타,1990,1990,1,1,1,100.0,SHORT
물가안정에 관한 법률,기타,1998,1998,1,1,1,100.0,SHORT
미성년자의 제강간(강제추행치상치사),성범죄,1999,1999,1,1,1,100.0,SHORT
민법,기타,1994,1994,1,1,1,100.0,SHORT
부녀매매(상습),기타,1994,1994,1,1,1,100.0,SHORT
부당이득(상습),재산·경제,2020,2020,1,1,1,100.0,SHORT
사설강습소에 관한법률,기타,1994,1994,1,1,1,100.0,SHORT
상습(특수·약취·해상강도),강도,2000,2000,1,1,1,100.0,SHORT
성폭력범죄의 처벌 및 피해자보호에 관한 법률,성범죄,1999,1999,1,1,1,100.0,SHORT
성폭력범죄의 처벌등에관한특례법 (카메라등이용촬영),성범죄,2010,2010,1,1,1,100.0,SHORT
성폭력범죄의처벌등에관한특례법,성범죄,2010,2010,1,1,1,100.0,SHORT
성폭력법죄의처벌등에관한특례법(통신매체이용음란),성범죄,2010,2010,1,1,1,100.0,SHORT
아동복지법위반(아동매매),기타,2022,2022,1,1,1,100.0,SHORT
아동청소년의 성보호에관한법률(강간등),성범죄,2010,2010,1,1,1,100.0,SHORT
아동학대처벌법위반(상습체포·감금),기타,2016,2016,1,1,1,100.0,SHORT
아동학대처벌법위반(업무수행 방해 등),기타,2021,2021,1,1,1,100.0,SHORT
아편·몰핀에 관한 죄,기타,2001,2001,1,1,1,100.0,SHORT
어업자원보호,기타,1995,1995,1,1,1,100.0,SHORT
오존층보호를위한법률위반,기타,1993,1993,1,1,1,100.0,SHORT
우표(인지)등위조·변조,위조,2014,2014,1,1,1,100.0,SHORT
유사강간(상습),성범죄,2015,2015,1,1,1,100.0,SHORT
유선 및 도선사업법,기타,2005,2005,1,1,1,100.0,SHORT
이용사 및 미용사법,기타,1994,1994,1,1,1,100.0,SHORT
인질살해(치사),기타,2010,2010,1,1,1,100.0,SHORT
인질상해(치상),폭력,2007,2007,1,1,1,100.0,SHORT
전파관리법,기타,1994,1994,1,1,1,100.0,SHORT
절도강간,성범죄,2017,2017,1,1,1,100.0,SHORT
존속체포·감금(중),기타,2022,2022,1,1,1,100.0,SHORT
존속체포·감금(특수·특수중),기타,2022,2022,1,1,1,100.0,SHORT
존속체포감금(특수),기타,1995,1995,1,1,1,100.0,SHORT
존속체포감금치사상(중·특수·상습),기타,2000,2000,1,1,1,100.0,SHORT
존속협박(상습특수),폭력,2018,2018,1,1,1,100.0,SHORT
준유사강간(상습),성범죄,2021,2021,1,1,1,100.0,SHORT
체포·감금(특수),기타,2013,2013,1,1,1,100.0,SHORT
추행·간음·영리·약취유인(상습),성범죄,2010,2010,1,1,1,100.0,SHORT
특가법(강도강간재범),강도,1997,1997,1,1,1,100.0,SHORT
특가법(강도강제추행),강도,1997,1997,1,1,1,100.0,SHORT
특가법(강도준강제추행),강도,1996,1996,1,1,1,100.0,SHORT
특가법(외국인을 위한 재산취득),기타,2009,2009,1,1,1,100.0,SHORT
특가법(직무유기),공직·부패,2020,2020,1,1,1,100.0,SHORT
특가법(통화),기타,1996,1996,1,1,1,100.0,SHORT
특경법(무인가단기금융업),기타,2004,2004,1,1,1,100.0,SHORT
특경법(저축관련부당행위),기타,2000,2000,1,1,1,100.0,SHORT
특수공갈(상습),폭력,2022,2022,1,1,1,100.0,SHORT
폭력행위등처벌에관한법류위반,폭력,2002,2002,1,1,1,100.0,SHORT
폭력행위등처벌에관한법률위반(단체등의이용·지원),폭력,2011,2011,1,1,1,100.0,SHORT
향정신성의약품관리법,마약,2011,2011,1,1,1,100.0,SHORT
협박(상습특수),폭력,2020,2020,1,1,1,100.0,SHORT
환경범죄의단속에관한특별조치법,기타,2012,2012,1,1,1,100.0,SHORT
