"범죄별(1)",범죄별(2),범죄별(3),1993,1993,1993,1993,1993,1993,1994,1994,1994,1994,1994,1994,1995,1995,1995,1995,1995,1995,1996,1996,1996,1996,1996,1996,1997,1997,1997,1997,1997,1997,1998,1998,1998,1998,1998,1998,1999,1999,1999,1999,1999,1999,2000,2000,2000,2000,2000,2000,2001,2001,2001,2001,2001,2001,2002,2002,2002,2002,2002,2002,2003,2003,2003,2003,2003,2003,2004,2004,2004,2004,2004,2004,2005,2005,2005,2005,2005,2005
"범죄별(1)",범죄별(2),범죄별(3),발생건수 (건),검거건수 (건),검거율 (%),검거인원 (명),남자검거인원 (명),여자검거인원 (명),발생건수 (건),검거건수 (건),검거율 (%),검거인원 (명),남자검거인원 (명),여자검거인원 (명),발생건수 (건),검거건수 (건),검거율 (%),검거인원 (명),남자검거인원 (명),여자검거인원 (명),발생건수 (건),검거건수 (건),검거율 (%),검거인원 (명),남자검거인원 (명),여자검거인원 (명),발생건수 (건),검거건수 (건),검거율 (%),검거인원 (명),남자검거인원 (명),여자검거인원 (명),발생건수 (건),검거건수 (건),검거율 (%),검거인원 (명),남자검거인원 (명),여자검거인원 (명),발생건수 (건),검거건수 (건),검거율 (%),검거인원 (명),남자검거인원 (명),여자검거인원 (명),발생건수 (건),검거건수 (건),검거율 (%),검거인원 (명),남자검거인원 (명),여자검거인원 (명),발생건수 (건),검거건수 (건),검거율 (%),검거인원 (명),남자검거인원 (명),여자검거인원 (명),발생건수 (건),검거건수 (건),검거율 (%),검거인원 (명),남자검거인원 (명),여자검거인원 (명),발생건수 (건),검거건수 (건),검거율 (%),검거인원 (명),남자검거인원 (명),여자검거인원 (명),발생건수 (건),검거건수 (건),검거율 (%),검거인원 (명),남자검거인원 (명),여자검거인원 (명),발생건수 (건),검거건수 (건),검거율 (%),검거인원 (명),남자검거인원 (명),여자검거인원 (명)
"총계",소계,소계,351945,341941,97.2,444686,394300,50386,348991,308504,88.4,390091,339344,50747,354118,314939,88.9,400052,341438,58614,350020,324025,92.6,406572,349764,56808,349583,326693,93.5,405892,351910,53982,376251,348348,92.6,426445,372130,54315,349726,332971,95.2,426170,369869,56301,371189,325626,87.7,438001,379833,58168,410378,357737,87.1,479933,413444,66489,376143,343000,91.1,457621,392295,65326,382980,340246,88.8,444151,373789,70362,389495,335847,86.2,309436,260410,49026,356838,308434,86.4,378557,335668,42889
"형법범",소계,소계,82007,78394,95.6,117648,99719,17929,88994,69815,78.4,97370,79427,17943,101700,79726,78.4,107495,84501,22994,99214,85547,86.2,109253,87679,21574,89512,78929,88.2,103763,83319,20444,100478,85759,85.4,111386,91685,19701,99957,91753,91.8,123057,100523,22534,114065,82071,72.0,116318,96177,20141,130110,89853,69.0,129815,106930,22885,207536,178537,86.0,278768,235636,43132,214687,178768,83.2,267534,220360,47174,204953,160476,78.3,179535,149581,29954,195136,156819,80.3,215960,187950,28010
"형법범",재산범죄,소계,55189,49925,90.5,66202,56198,10004,65733,47845,72.8,61557,50785,10772,79832,59083,74.0,74787,58398,16389,77657,64761,83.4,77262,61795,15467,67522,57735,85.5,70312,56512,13800,74926,61494,82.1,74876,61430,13446,69637,62576,89.9,77270,62539,14731,81006,51709,63.8,66753,55162,11591,96410,59337,61.5,80236,66718,13518,109353,87839,80.3,122716,101672,21044,114950,86091,74.8,109262,86241,23021,105360,67867,64.4,54773,44163,10610,97671,67230,68.8,81017,71200,9817
"형법범",재산범죄,절도,16751,15308,91.4,23483,21049,2434,15051,12399,82.4,19000,16414,2586,15525,11250,72.5,16863,14775,2088,13922,9868,70.9,14728,13581,1147,12570,10065,80.1,14761,13630,1131,15387,12023,78.1,17454,16237,1217,13939,11632,83.4,16047,14405,1642,34971,12828,36.7,18747,16712,2035,48439,21449,44.2,33191,28829,4362,61728,49779,80.6,76612,64595,12017,57755,43424,75.1,56754,45374,11380,35957,20029,55.7,20727,17432,3295,34498,21495,62.3,28357,25418,2939
"형법범",재산범죄,장물,270,513,190.0,864,779,85,270,296,109.6,422,377,45,231,255,100.4,336,309,27,195,220,112.8,283,256,27,155,180,116.1,274,251,23,227,243,107.0,337,302,35,249,279,112.0,407,381,26,243,236,97.1,352,324,28,277,323,116.6,445,398,47,231,255,110.3,301,277,24,161,188,116.7,280,255,25,226,213,94.2,249,226,23,722,717,99.3,1025,943,82
"형법범",재산범죄,사기,30610,26413,86.3,32523,26503,6020,42102,27971,66.4,33652,26699,6953,55608,39991,71.9,48598,35978,12620,55549,47134,84.9,53406,40788,12618,47617,40748,85.6,47503,36143,11360,51407,42127,81.9,48974,37998,10976,46801,42516,90.8,50702,39302,11400,36966,32072,86.8,39733,31391,8342,37491,31203,83.2,38757,30754,8003,38327,31628,82.5,38445,30491,7954,47890,35924,75.0,44308,33959,10349,59025,40249,68.1,28234,21847,6387,52782,37570,71.1,42980,37179,5801
"형법범",재산범죄,횡령,5508,5546,100.7,6570,5658,912,5968,5095,85.4,5901,5166,735,6238,5580,89.5,6555,5451,1104,5745,5435,94.6,6107,5261,846,5232,4885,93.4,5520,4732,788,5663,5067,89.5,5723,5000,723,5743,5388,93.8,6451,5440,1011,4841,4326,89.4,5112,4389,723,4851,4209,86.7,5040,4348,692,4568,4016,87.9,4749,4070,679,5133,4214,82.1,4977,4156,821,6356,4802,75.5,3321,2729,592,6284,4943,78.6,5622,5009,613
"형법범",재산범죄,배임,1256,1277,101.7,1756,1330,426,1379,1183,85.8,1561,1205,356,1290,1138,88.2,1433,1019,414,1342,1246,92.8,1783,1069,714,1093,1035,94.7,1308,916,392,1210,1069,88.3,1322,930,392,1596,1518,95.1,2297,1761,536,973,912,93.7,1317,1037,280,891,831,93.2,1354,1086,268,841,765,90.9,1082,892,190,965,894,92.6,1326,1070,256,1214,1021,84.1,909,760,149,1261,1051,83.3,1459,1225,234
"형법범",재산범죄,손괴,794,868,109.3,1006,879,127,963,901,93.6,1021,924,97,940,869,92.4,1002,866,136,904,858,94.9,955,840,115,855,822,96.1,946,840,106,1032,965,93.5,1066,963,103,1309,1243,95.0,1366,1250,116,3012,1335,44.3,1492,1309,183,4461,1322,29.6,1449,1303,146,3658,1396,38.1,1527,1347,180,3046,1447,47.5,1617,1427,190,2582,1553,60.1,1333,1169,164,2124,1454,68.4,1574,1426,148
"형법범",강력범죄,소계,10809,12098,111.9,18386,16171,2215,11195,11050,98.7,15886,13505,2381,10497,10257,97.7,14171,11609,2562,10348,10284,99.4,14166,11905,2261,10365,10312,99.5,14031,11851,2180,13062,12710,97.3,17113,14853,2260,15922,15756,99.0,21576,18491,3085,17427,16233,93.1,22337,19223,3114,17835,16468,92.3,23200,19578,3622,-,-,-,-,-,-,-,-,-,-,-,-,-,-,-,-,-,-,-,-,-,-,-,-
"형법범",강력범죄,살인,159,186,117.0,285,203,82,128,121,94.5,144,129,15,139,143,102.9,166,144,22,139,142,102.2,182,164,18,143,148,103.5,161,135,26,138,147,106.5,189,169,20,171,176,102.9,203,182,21,171,171,100.0,211,187,24,203,233,114.7,305,272,33,-,-,-,-,-,-,-,-,-,-,-,-,-,-,-,-,-,-,-,-,-,-,-,-
"형법범",강력범죄,강도,795,1267,159.4,2380,2336,44,1132,1173,103.6,2296,2085,211,923,905,98.0,1536,1389,147,845,864,102.2,1336,1310,26,938,956,101.9,1547,1502,45,1139,1126,98.9,1881,1857,24,1083,1058,97.7,1763,1690,73,1380,1038,75.2,1783,1706,77,1827,1312,71.8,2531,2202,329,-,-,-,-,-,-,-,-,-,-,-,-,-,-,-,-,-,-,-,-,-,-,-,-
"형법범",강력범죄,방화,193,135,69.9,138,125,13,161,133,82.6,147,135,12,125,107,85.6,111,105,6,139,121,87.1,122,112,10,113,106,93.8,126,112,14,144,137,95.1,147,136,11,244,238,97.5,246,233,13,247,198,80.2,218,199,19,312,262,83.9,298,267,31,-,-,-,-,-,-,-,-,-,-,-,-,-,-,-,-,-,-,-,-,-,-,-,-
"형법범",강력범죄,강간,1797,2323,129.3,4233,4080,153,1350,1360,100.7,1460,1437,23,1130,1096,97.0,1305,1168,137,1115,1095,98.2,1184,1159,25,1133,1111,98.1,1197,1175,22,1225,1157,94.4,1236,1218,18,1320,1296,98.2,1413,1376,37,1523,1393,91.5,1517,1485,32,1634,1468,89.8,1578,1544,34,-,-,-,-,-,-,-,-,-,-,-,-,-,-,-,-,-,-,-,-,-,-,-,-
"형법범",강력범죄,폭행,1523,1631,107.1,2341,1972,369,1594,1509,94.7,2264,1814,450,1702,1609,94.5,2202,1861,341,1662,1628,98.0,2652,2081,571,1809,1838,101.6,2671,2129,542,3414,3217,94.2,4515,3827,688,5331,5334,100.1,7506,6465,1041,6126,5617,91.7,7925,6809,1116,5982,5519,92.2,7751,6562,1189,-,-,-,-,-,-,-,-,-,-,-,-,-,-,-,-,-,-,-,-,-,-,-,-
"형법범",강력범죄,상해,5936,6092,102.6,8390,6942,1448,6430,6376,99.2,9108,7515,1593,6029,5969,99.0,8342,6525,1817,5950,5961,100.2,8104,6596,1508,5665,5634,99.5,7620,6239,1381,6542,6484,99.1,8606,7194,1412,7195,7116,98.9,9753,7978,1775,7346,7251,98.7,9948,8254,1694,7183,7022,97.7,9776,7975,1801,-,-,-,-,-,-,-,-,-,-,-,-,-,-,-,-,-,-,-,-,-,-,-,-
"형법범",강력범죄,협박,149,136,91.3,164,139,25,141,124,87.9,139,118,21,159,139,87.4,160,117,43,161,151,93.8,179,142,37,197,167,84.8,199,159,40,157,152,96.8,173,136,37,231,202,87.4,240,196,44,290,246,84.8,294,228,66,330,270,81.8,319,254,65,-,-,-,-,-,-,-,-,-,-,-,-,-,-,-,-,-,-,-,-,-,-,-,-
"형법범",강력범죄,공갈,186,232,124.7,300,249,51,191,182,95.3,213,187,26,232,234,100.9,264,234,30,251,237,94.4,282,243,39,220,210,95.5,240,202,38,220,207,94.1,244,217,27,268,256,95.5,303,263,40,232,206,88.8,246,214,32,245,227,92.6,284,236,48,-,-,-,-,-,-,-,-,-,-,-,-,-,-,-,-,-,-,-,-,-,-,-,-
"형법범",강력범죄,약취와 유인,44,62,140.9,98,75,23,42,47,111.9,77,52,25,30,31,103.3,49,32,17,47,51,108.5,72,56,16,118,115,97.5,224,159,65,51,52,102.0,80,59,21,47,47,100.0,110,75,35,58,66,113.8,138,101,37,74,111,150.0,287,214,73,-,-,-,-,-,-,-,-,-,-,-,-,-,-,-,-,-,-,-,-,-,-,-,-
"형법범",강력범죄,체포와 감금,27,34,125.9,57,50,7,26,25,96.2,38,33,5,28,24,85.7,36,34,2,39,34,87.2,53,42,11,29,27,93.1,46,39,7,32,31,96.9,42,40,2,32,33,103.1,39,33,6,54,47,87.0,57,40,17,45,44,97.7,71,52,19,-,-,-,-,-,-,-,-,-,-,-,-,-,-,-,-,-,-,-,-,-,-,-,-
"형법범",강력범죄(흉악),소계,-,-,-,-,-,-,-,-,-,-,-,-,-,-,-,-,-,-,-,-,-,-,-,-,-,-,-,-,-,-,-,-,-,-,-,-,-,-,-,-,-,-,-,-,-,-,-,-,-,-,-,-,-,-,5069,4773,94.1,8321,7781,540,6116,6081,99.4,11093,9568,1525,5234,4869,93.0,5646,5289,357,5211,4727,90.7,5716,5475,241
"형법범",강력범죄(흉악),살인,-,-,-,-,-,-,-,-,-,-,-,-,-,-,-,-,-,-,-,-,-,-,-,-,-,-,-,-,-,-,-,-,-,-,-,-,-,-,-,-,-,-,-,-,-,-,-,-,-,-,-,-,-,-,169,195,115.3,226,205,21,172,187,108.7,213,184,29,223,218,97.7,201,177,24,222,214,96.4,243,214,29
"형법범",강력범죄(흉악),강도,-,-,-,-,-,-,-,-,-,-,-,-,-,-,-,-,-,-,-,-,-,-,-,-,-,-,-,-,-,-,-,-,-,-,-,-,-,-,-,-,-,-,-,-,-,-,-,-,-,-,-,-,-,-,2137,2018,94.4,5291,4833,458,2843,2972,104.5,7690,6280,1410,1614,1431,88.6,2272,2037,235,1499,1256,83.7,1938,1811,127
"형법범",강력범죄(흉악),방화,-,-,-,-,-,-,-,-,-,-,-,-,-,-,-,-,-,-,-,-,-,-,-,-,-,-,-,-,-,-,-,-,-,-,-,-,-,-,-,-,-,-,-,-,-,-,-,-,-,-,-,-,-,-,294,267,90.8,282,247,35,335,306,91.3,337,307,30,308,275,89.2,251,210,41,369,337,91.3,372,337,35
"형법범",강력범죄(흉악),강간,-,-,-,-,-,-,-,-,-,-,-,-,-,-,-,-,-,-,-,-,-,-,-,-,-,-,-,-,-,-,-,-,-,-,-,-,-,-,-,-,-,-,-,-,-,-,-,-,-,-,-,-,-,-,2469,2293,92.8,2522,2496,26,2766,2616,94.5,2853,2797,56,3089,2945,95.3,2922,2865,57,3121,2920,93.5,3163,3113,50
"형법범",강력범죄(폭력),소계,-,-,-,-,-,-,-,-,-,-,-,-,-,-,-,-,-,-,-,-,-,-,-,-,-,-,-,-,-,-,-,-,-,-,-,-,-,-,-,-,-,-,-,-,-,-,-,-,-,-,-,-,-,-,78227,72682,92.9,123162,106833,16329,78913,73689,93.3,123501,105951,17550,77358,73495,95.0,102998,87306,15692,74126,69838,94.2,107352,92965,14387
"형법범",강력범죄(폭력),폭행,-,-,-,-,-,-,-,-,-,-,-,-,-,-,-,-,-,-,-,-,-,-,-,-,-,-,-,-,-,-,-,-,-,-,-,-,-,-,-,-,-,-,-,-,-,-,-,-,-,-,-,-,-,-,5855,5349,91.3,7352,6207,1145,6286,5832,92.7,8109,6815,1294,6354,6056,95.3,6815,5589,1226,6528,6246,95.6,8284,6937,1347
"형법범",강력범죄(폭력),상해,-,-,-,-,-,-,-,-,-,-,-,-,-,-,-,-,-,-,-,-,-,-,-,-,-,-,-,-,-,-,-,-,-,-,-,-,-,-,-,-,-,-,-,-,-,-,-,-,-,-,-,-,-,-,6274,6152,98.0,8319,6948,1371,6697,6601,98.5,9092,7368,1724,6943,6734,96.9,7596,6142,1454,6574,6374,96.9,8405,6994,1411
"형법범",강력범죄(폭력),협박,-,-,-,-,-,-,-,-,-,-,-,-,-,-,-,-,-,-,-,-,-,-,-,-,-,-,-,-,-,-,-,-,-,-,-,-,-,-,-,-,-,-,-,-,-,-,-,-,-,-,-,-,-,-,325,251,77.2,280,213,67,358,310,86.5,344,271,73,500,421,84.2,291,219,72,529,458,86.5,517,446,71
"형법범",강력범죄(폭력),공갈,-,-,-,-,-,-,-,-,-,-,-,-,-,-,-,-,-,-,-,-,-,-,-,-,-,-,-,-,-,-,-,-,-,-,-,-,-,-,-,-,-,-,-,-,-,-,-,-,-,-,-,-,-,-,227,203,89.4,251,210,41,304,313,102.9,480,400,80,326,288,88.3,341,270,71,267,232,86.8,296,248,48
"형법범",강력범죄(폭력),약취와 유인,-,-,-,-,-,-,-,-,-,-,-,-,-,-,-,-,-,-,-,-,-,-,-,-,-,-,-,-,-,-,-,-,-,-,-,-,-,-,-,-,-,-,-,-,-,-,-,-,-,-,-,-,-,-,52,64,123.0,115,78,37,77,108,140.2,314,175,139,55,92,167.2,173,111,62,26,33,126.9,58,45,13
"형법범",강력범죄(폭력),체포와 감금,-,-,-,-,-,-,-,-,-,-,-,-,-,-,-,-,-,-,-,-,-,-,-,-,-,-,-,-,-,-,-,-,-,-,-,-,-,-,-,-,-,-,-,-,-,-,-,-,-,-,-,-,-,-,46,41,89.1,78,62,16,51,51,100.0,78,61,17,66,60,90.9,80,58,22,59,59,100.0,95,82,13
"형법범",강력범죄(폭력),폭력행위 등(단체 등의 구성ㆍ활동),-,-,-,-,-,-,-,-,-,-,-,-,-,-,-,-,-,-,-,-,-,-,-,-,-,-,-,-,-,-,-,-,-,-,-,-,-,-,-,-,-,-,-,-,-,-,-,-,-,-,-,-,-,-,1,1,100.0,3,3,-,4,8,200.0,43,43,-,127,127,100.0,225,218,7,58,95,163.7,187,170,17
"형법범",강력범죄(폭력),폭력행위 등 처벌에 관한법률 위반,-,-,-,-,-,-,-,-,-,-,-,-,-,-,-,-,-,-,-,-,-,-,-,-,-,-,-,-,-,-,-,-,-,-,-,-,-,-,-,-,-,-,-,-,-,-,-,-,-,-,-,-,-,-,65447,60621,92.6,106764,93112,13652,65136,60466,92.8,105041,90818,14223,62987,59717,94.8,87477,74699,12778,60085,56341,93.7,89510,78043,11467
"형법범",위조범죄,소계,2036,1893,93.0,2678,2144,534,2347,1928,82.1,2582,2126,456,2289,1903,83.1,2541,2018,523,2339,2078,88.8,2738,2178,560,2477,2257,91.1,2974,2259,715,3112,2734,87.9,3509,2728,781,3318,2948,88.8,4049,3216,833,3154,2620,83.1,3845,3008,837,3040,2527,83.1,3885,2860,1025,2950,2439,82.6,3437,2672,765,3333,2581,77.4,3906,2947,959,5067,3380,66.7,2968,2223,745,6086,4052,66.5,5355,4476,879
"형법범",위조범죄,통화,48,31,64.6,36,30,6,17,9,52.9,9,7,2,7,4,57.1,8,6,2,12,3,25.0,5,3,2,6,4,66.7,4,4,-,39,8,20.5,23,20,3,73,13,17.8,30,30,-,72,8,11.1,13,12,1,114,9,7.8,16,15,1,159,9,5.6,13,11,2,171,16,9.3,27,23,4,313,24,7.6,26,22,4,671,15,2.2,21,16,5
"형법범",위조범죄,유가증권ㆍ인지ㆍ우표,412,316,76.7,418,342,76,590,357,60.5,454,377,77,618,406,65.7,512,420,92,568,416,73.2,503,414,89,491,388,79.0,478,401,77,582,457,78.5,572,481,91,520,423,81.3,561,476,85,474,373,78.7,538,456,82,402,308,76.6,528,327,201,309,239,77.3,328,282,46,426,306,71.8,445,382,63,574,372,64.8,293,256,37,739,431,58.3,554,510,44
"형법범",위조범죄,문서,1513,1480,97.8,2135,1685,450,1673,1503,89.8,2043,1668,375,1600,1440,90.0,1955,1528,427,1698,1602,94.3,2170,1704,466,1926,1813,94.1,2433,1796,637,2418,2202,91.1,2836,2152,684,2634,2420,91.9,3332,2599,733,2527,2164,85.6,3202,2454,748,2446,2140,87.4,3257,2442,815,2430,2142,88.1,3044,2329,715,2686,2213,82.3,3382,2495,887,4105,2905,70.7,2579,1881,698,4597,3536,76.9,4706,3882,824
"형법범",위조범죄,인장,63,66,104.8,89,87,2,67,59,88.1,76,74,2,64,53,82.8,66,64,2,61,57,93.4,60,57,3,54,52,96.3,59,58,1,73,67,91.8,78,75,3,91,92,101.1,126,111,15,81,75,92.6,92,86,6,78,70,89.7,84,76,8,52,49,94.2,52,50,2,50,46,92.0,52,47,5,75,79,105.3,70,64,6,79,70,88.6,74,68,6
"형법범",공무원범죄,소계,3069,3068,100.0,3157,3045,112,298,298,100.0,469,461,8,149,151,101.3,193,187,6,112,111,99.1,179,170,9,83,85,102.4,143,129,14,120,120,100.0,235,225,10,206,204,99.0,381,350,31,168,163,97.0,327,312,15,119,113,94.9,210,198,12,107,101,94.3,243,229,14,105,96,91.4,193,178,15,132,112,84.8,137,129,8,172,147,85.4,435,374,61
"형법범",공무원범죄,직무유기,44,36,81.8,71,65,6,147,143,97.3,267,262,5,37,36,97.3,51,49,2,25,24,96.0,53,52,1,36,31,86.1,57,51,6,33,32,97.0,57,53,4,24,22,91.7,76,73,3,44,39,88.6,97,88,9,44,41,93.1,58,56,2,41,36,87.8,70,64,6,40,37,92.5,56,53,3,59,54,91.5,47,44,3,36,28,77.7,41,39,2
"형법범",공무원범죄,직권남용,14,15,107.1,25,25,-,12,12,100.0,19,19,-,13,13,100.0,21,21,-,6,7,116.7,12,12,-,8,8,100.0,19,19,-,11,11,100.0,19,19,-,19,18,94.7,30,29,1,21,19,90.5,60,60,-,26,24,92.3,52,50,2,22,20,90.9,57,56,1,27,22,81.4,56,52,4,28,23,82.1,22,21,1,40,37,92.5,64,61,3
"형법범",공무원범죄,수뢰,229,215,93.9,241,234,7,9,9,100.0,32,32,-,17,16,94.1,29,29,-,24,25,104.2,52,48,4,9,11,122.2,29,24,5,49,48,98.0,111,109,2,45,46,102.2,148,134,14,39,42,107.7,98,98,-,17,18,105.8,60,59,1,18,20,111.1,84,81,3,28,28,100.0,72,66,6,33,25,75.7,54,52,2,68,56,82.3,250,199,51
"형법범",공무원범죄,증뢰,2782,2802,100.7,2820,2721,99,130,134,103.1,151,148,3,82,86,104.9,92,88,4,57,55,96.5,62,58,4,30,35,116.7,38,35,3,27,29,107.4,48,44,4,118,118,100.0,127,114,13,64,63,98.4,72,66,6,32,30,93.7,40,33,7,26,25,96.1,32,28,4,10,9,90.0,9,7,2,12,10,83.3,14,12,2,28,26,92.8,80,75,5
"형법범",풍속범죄,소계,4923,5740,116.6,19065,15543,3522,3078,2925,95.0,8652,5908,2744,3095,2990,96.6,8203,6310,1893,2559,2509,98.0,6724,5206,1518,2650,2565,96.8,7255,5562,1693,2662,2581,97.0,7105,5537,1568,3254,3189,98.0,9597,7683,1914,3544,3467,97.8,11176,8898,2278,3265,3205,98.1,10543,8118,2425,2931,2862,97.6,9465,7254,2211,2215,2133,96.3,7083,5352,1731,2171,1984,91.3,4748,3733,1015,1828,1734,94.8,4657,3644,1013
"형법범",풍속범죄,간통,1368,1306,95.5,2452,1323,1129,1347,1220,90.6,2981,1158,1823,1251,1157,92.5,2105,1092,1013,1066,1011,94.8,1800,943,857,1008,918,91.1,1705,859,846,1013,934,92.2,1626,867,759,943,875,92.8,1635,939,696,936,861,92.0,1571,808,763,884,812,91.8,1478,766,712,769,708,92.0,1279,653,626,706,642,90.9,1164,592,572,728,629,86.4,620,324,296,560,502,89.6,681,463,218
"형법범",풍속범죄,혼인빙자간음,230,174,75.7,272,266,6,282,217,77.0,220,217,3,193,155,80.3,160,154,6,175,149,85.1,152,147,5,158,136,86.1,143,137,6,167,135,80.8,139,132,7,182,150,82.4,160,152,8,167,140,83.8,161,139,22,188,153,81.3,158,156,2,183,149,81.4,152,149,3,144,121,84.0,124,122,2,255,168,65.8,74,71,3,188,152,80.8,155,155,-
"형법범",풍속범죄,도박과 복표,3258,4182,128.4,16251,13879,2372,1381,1420,102.8,5360,4450,910,1557,1587,101.9,5838,4982,856,1209,1239,102.5,4641,4011,630,1342,1366,101.8,5197,4404,793,1398,1427,102.1,5235,4446,789,2003,2027,101.2,7651,6463,1188,2396,2417,100.9,9384,7903,1481,2116,2151,101.6,8804,7112,1692,1922,1950,101.4,7944,6377,1567,1295,1303,100.6,5558,4487,1071,1136,1128,99.3,3945,3255,690,1025,1011,98.6,3704,2929,775
"형법범",풍속범죄,신앙,7,4,57.1,10,8,2,6,5,83.3,10,10,-,9,7,77.8,11,9,2,7,6,85.7,20,13,7,15,17,113.3,61,42,19,10,11,110.0,21,14,7,12,10,83.3,12,9,3,12,12,100.0,21,15,6,15,14,93.3,23,15,8,20,19,95.0,51,39,12,31,28,90.3,198,115,83,16,23,143.7,77,52,25,16,32,200.0,80,60,20
"형법범",풍속범죄,기타 음란행위,60,74,123.3,80,67,13,62,63,101.6,81,73,8,85,84,98.8,89,73,16,102,104,102.0,111,92,19,127,128,100.8,149,120,29,74,74,100.0,84,78,6,114,127,111.4,139,120,19,33,37,112.1,39,33,6,62,75,120.9,80,69,11,37,36,97.3,39,36,3,39,39,100.0,39,36,3,36,36,100.0,32,31,1,39,37,94.8,37,37,-
"형법범",과실범죄,소계,1524,1283,84.2,1628,1473,155,1386,1102,79.5,1375,1248,127,1252,984,78.6,1359,1095,264,1266,1033,81.6,1276,1119,157,1211,937,77.4,1193,1026,167,1027,840,81.8,1078,962,116,1027,830,80.8,1044,906,138,1461,977,66.9,1225,1050,175,1821,963,52.8,1213,1040,173,1594,888,55.7,1140,982,158,1605,960,59.8,1252,1072,180,1096,894,81.5,828,708,120,1034,882,85.3,1029,896,133
"형법범",과실범죄,과실치사상,256,240,90.8,272,232,40,134,127,94.8,141,124,17,130,125,96.2,144,115,29,141,135,95.7,151,120,31,146,137,93.8,149,117,32,146,138,94.5,157,126,31,175,168,96.0,197,166,31,242,234,96.7,281,234,47,212,197,92.9,215,176,39,172,166,96.5,196,157,39,213,204,95.7,228,181,47,245,251,102.4,204,157,47,268,276,102.9,290,242,48
"형법범",과실범죄,업무상 과실치사상,700,731,104.4,1012,946,66,651,639,98.2,873,822,51,559,558,99.8,773,704,69,588,595,101.2,804,746,58,528,533,100.9,752,685,67,485,490,101.0,695,638,57,420,435,103.6,596,527,69,475,467,98.3,646,576,70,522,500,95.7,716,634,82,493,491,99.5,687,616,71,548,537,97.9,779,695,84,474,459,96.8,463,426,37,397,391,98.4,499,455,44
"형법범",과실범죄,실화,568,312,54.9,344,295,49,601,336,55.9,361,302,59,563,301,53.5,442,276,166,537,303,56.4,321,253,63,537,267,49.7,292,224,68,396,212,53.5,226,198,28,432,227,52.5,251,213,38,744,276,37.1,298,240,58,1087,266,24.4,282,230,52,929,231,24.8,257,209,48,844,219,25.9,245,196,49,377,184,48.8,161,125,36,369,215,58.2,240,199,41
"형법범",기타 형법범죄,소계,4457,4387,98.4,6532,5145,1387,4957,4667,94.1,6849,5394,1455,4586,4358,95.0,6241,4884,1357,4933,4771,96.7,6908,5306,1602,5204,5038,96.8,7855,5980,1875,5569,5280,94.8,7470,5950,1520,6593,6250,94.8,9140,7338,1802,7305,6902,94.5,10655,8524,2131,7620,7240,95.0,10528,8418,2110,7305,6953,95.1,10284,8213,2071,7450,7137,95.8,11244,9051,2193,8535,7875,92.2,7437,6030,1407,9008,8209,91.1,10399,8920,1479
"형법범",기타 형법범죄,명예,635,589,92.8,1050,772,278,732,662,90.4,998,712,286,686,623,90.8,992,659,333,668,608,91.0,918,636,282,719,657,91.4,1057,722,335,668,606,90.7,917,633,284,948,845,89.1,1157,852,305,1287,1144,88.9,1831,1302,529,1367,1211,88.5,1902,1331,571,1287,1145,88.9,1728,1205,523,1208,1119,92.6,1666,1125,541,1704,1473,86.4,1136,752,384,1847,1593,86.2,2046,1641,405
"형법범",기타 형법범죄,권리행사 방해,508,493,97.0,735,577,158,542,513,94.6,776,620,156,552,537,97.3,811,612,199,589,585,99.3,833,648,185,581,576,99.1,859,655,204,680,644,94.7,945,734,211,849,810,95.4,1154,890,264,695,683,98.3,1030,763,267,598,563,94.1,844,626,218,476,447,93.9,731,545,186,543,520,95.7,764,552,212,618,555,89.8,491,366,125,736,640,86.9,838,687,151
"형법범",기타 형법범죄,신용업무 경매,505,524,103.8,1043,702,341,536,520,97.0,1200,809,391,478,476,99.6,1068,777,291,544,540,99.3,1324,974,350,588,585,99.5,1644,1019,625,641,626,97.7,1258,939,319,867,847,97.7,1752,1496,256,1155,1113,96.4,2568,2098,470,1209,1193,98.6,2333,1828,505,1312,1301,99.1,2527,1889,638,1453,1435,98.7,3042,2380,662,1838,1755,95.4,2051,1711,340,2044,1965,96.1,2830,2460,370
"형법범",기타 형법범죄,주거 침입,185,190,102.7,256,197,59,291,273,93.8,386,320,66,250,240,96.0,302,247,55,491,492,100.2,568,412,156,384,378,98.4,627,467,160,443,428,96.6,587,471,116,494,492,99.6,643,535,108,493,460,93.3,538,446,92,451,399,88.4,544,433,111,411,375,91.2,473,370,103,375,372,99.2,478,376,102,465,458,98.4,460,359,101,495,480,96.9,573,469,104
"형법범",기타 형법범죄,비밀침해,3,4,133.3,5,2,3,-,1,-,1,1,-,2,-,-,-,-,-,2,2,100.0,2,2,-,4,5,125.0,10,8,2,4,3,75.0,3,3,-,6,7,116.7,10,7,3,7,7,100.0,8,8,-,5,5,100.0,7,7,-,6,7,116.6,7,2,5,8,8,100.0,11,3,8,7,7,100.0,2,2,-,1,2,200.0,2,2,-
"형법범",기타 형법범죄,유기,24,22,91.7,28,17,11,28,21,75.0,24,9,15,26,20,76.9,23,14,9,15,13,86.7,18,6,12,18,14,77.8,18,10,8,14,11,78.6,14,8,6,34,13,38.2,19,14,5,40,20,50.0,24,12,12,60,24,40.0,27,5,22,37,14,37.8,18,7,11,50,23,46.0,38,22,16,42,25,59.5,24,9,15,30,16,53.3,18,8,10
"형법범",기타 형법범죄,낙태,4,5,125.0,15,11,4,6,4,66.7,7,4,3,1,1,100.0,1,-,1,3,2,66.7,3,-,3,7,7,100.0,10,3,7,5,5,100.0,6,2,4,3,4,133.3,4,3,1,4,4,100.0,5,2,3,7,7,100.0,14,4,10,4,4,100.0,6,2,4,2,2,100.0,4,2,2,6,5,83.3,5,1,4,3,3,100.0,10,4,6
"형법범",기타 형법범죄,아편,4,4,100.0,14,13,1,-,-,-,-,-,-,-,-,-,-,-,-,-,-,-,-,-,-,-,-,-,-,-,-,-,-,-,-,-,-,-,-,-,-,-,-,-,-,-,-,-,-,1,1,100.0,1,1,-,-,-,-,-,-,-,-,-,-,-,-,-,-,-,-,-,-,-,-,-,-,-,-,-
"형법범",기타 형법범죄,교통방해,22,23,104.5,42,28,14,69,76,110.1,85,78,7,18,20,111.1,26,25,1,35,33,94.3,37,35,2,33,36,109.1,147,146,1,41,38,92.7,96,85,11,68,68,100.0,74,67,7,66,64,97.0,76,68,8,76,73,96.0,112,102,10,56,57,101.7,66,65,1,113,116,102.6,185,172,13,90,96,106.6,88,84,4,109,110,100.9,140,137,3
"형법범",기타 형법범죄,공무방해,1575,1537,97.6,1980,1803,177,1734,1627,93.8,2120,1890,230,1578,1494,94.7,1797,1616,181,1725,1684,97.6,2166,1854,312,1967,1911,97.2,2385,2131,254,2214,2129,96.2,2614,2310,304,2226,2132,95.8,3000,2467,533,2345,2272,96.9,3108,2717,391,2652,2638,99.4,3240,2973,267,2702,2667,98.7,3449,3186,263,2676,2581,96.4,3796,3507,289,2497,2424,97.0,2356,2170,186,2433,2325,95.5,2668,2459,209
"형법범",기타 형법범죄,도주와 범인 은닉,11,15,136.4,23,19,4,35,37,105.7,48,37,11,30,28,93.3,31,26,5,28,26,92.9,31,26,5,26,28,107.7,34,28,6,28,27,96.4,32,23,9,25,29,116.0,32,26,6,18,27,150.0,33,30,3,49,53,108.1,83,69,14,51,47,92.1,61,46,15,44,48,109.0,58,45,13,30,29,96.6,35,26,9,15,16,106.6,20,17,3
"형법범",기타 형법범죄,위증과 증거인멸,556,557,100.2,699,526,173,531,498,93.8,643,490,153,499,469,94.0,579,455,124,417,398,95.4,492,364,128,447,424,94.9,506,384,122,434,398,91.7,484,365,119,592,557,94.1,670,506,164,601,554,92.2,667,507,160,575,537,93.3,640,485,155,471,446,94.6,550,429,121,469,442,94.2,543,401,142,609,503,82.5,368,270,98,630,501,79.5,548,480,68
"형법범",기타 형법범죄,무고,405,397,98.0,613,450,163,432,411,95.1,512,376,136,439,417,95.0,565,413,152,403,378,93.8,501,335,166,414,402,97.1,517,367,150,370,339,91.6,478,346,132,456,424,93.0,580,440,140,560,518,92.5,681,493,188,539,502,93.1,649,435,214,472,423,89.6,586,387,199,494,457,92.5,634,442,192,617,533,86.3,407,267,140,658,551,83.7,698,549,149
"형법범",기타 형법범죄,공안을 해하는 죄,-,-,-,-,-,-,16,19,118.8,44,43,1,23,28,121.7,41,36,5,9,8,88.9,13,13,-,12,13,108.3,39,39,-,20,19,95.0,27,22,5,15,13,86.7,34,27,7,23,24,104.3,67,61,6,18,22,122.2,119,106,13,16,16,100.0,77,76,1,10,9,90.0,18,18,-,6,7,116.6,9,9,-,6,7,116.6,8,7,1
"형법범",기타 형법범죄,내란의 죄,-,-,-,-,-,-,-,-,-,-,-,-,-,-,-,-,-,-,-,-,-,-,-,-,-,-,-,-,-,-,-,-,-,-,-,-,-,-,-,-,-,-,1,1,100.0,3,3,-,-,-,-,-,-,-,-,-,-,-,-,-,-,-,-,-,-,-,2,2,100.0,2,2,-,-,-,-,-,-,-
"형법범",기타 형법범죄,음용수에 관한 죄,-,-,-,-,-,-,3,3,100.0,3,3,-,3,3,100.0,3,3,-,2,-,-,-,-,-,4,2,50.0,2,1,1,2,3,150.0,3,3,-,9,9,100.0,11,8,3,10,10,100.0,15,13,2,7,7,100.0,8,8,-,3,3,100.0,4,3,1,3,3,100.0,5,4,1,4,3,75.0,3,2,1,1,-,-,-,-,-
"형법범",기타 형법범죄,일수와 수리에 관한 죄,-,-,-,-,-,-,1,1,100.0,1,1,-,1,2,200.0,2,1,1,1,1,100.0,1,1,-,-,-,-,-,-,-,3,2,66.7,4,4,-,-,-,-,-,-,-,-,1,-,1,1,-,-,-,-,-,-,-,1,1,100.0,1,1,-,1,1,100.0,1,1,-,-,-,-,-,-,-,-,-,-,-,-,-
"형법범",기타 형법범죄,기타,20,27,135.0,29,28,1,1,1,100.0,1,1,-,-,-,-,-,-,-,1,1,100.0,1,-,1,-,-,-,-,-,-,2,2,100.0,2,2,-,1,-,-,-,-,-,-,-,-,-,-,-,6,5,83.3,5,5,-,-,-,-,-,-,-,1,1,100.0,1,1,-,-,-,-,-,-,-,-,-,-,-,-,-
"특별법범",소계,소계,269938,263547,97.6,327038,294581,32457,259997,238689,91.8,292721,259917,32804,252418,235213,93.2,292557,256937,35620,250806,238478,95.1,297319,262085,35234,260071,247764,95.3,302129,268591,33538,275773,262589,95.2,315059,280445,34614,249769,241218,96.6,303113,269346,33767,257124,243555,94.7,321683,283656,38027,280268,267884,95.5,350118,306514,43604,168607,164463,97.5,178853,156659,22194,168293,161478,95.9,176617,153429,23188,184542,175371,95.0,129901,110829,19072,161702,151615,93.7,162597,147718,14879
"특별법범",가정폭력범죄의 처벌 등에 관한 특례법,소계,-,-,-,-,-,-,-,-,-,-,-,-,-,-,-,-,-,-,-,-,-,-,-,-,-,-,-,-,-,-,-,-,-,-,-,-,-,-,-,-,-,-,-,-,-,-,-,-,-,-,-,-,-,-,55,35,63.6,38,36,2,45,29,64.4,31,28,3,84,80,95.2,65,56,9,57,53,92.9,63,54,9
"특별법범",개발제한구역의 지정 및 관리에 관한 특별조치법,소계,-,-,-,-,-,-,-,-,-,-,-,-,-,-,-,-,-,-,-,-,-,-,-,-,-,-,-,-,-,-,-,-,-,-,-,-,-,-,-,-,-,-,-,-,-,-,-,-,-,-,-,-,-,-,580,595,102.5,867,732,135,536,541,100.9,864,732,132,338,475,140.5,362,288,74,322,443,137.5,540,463,77
"특별법범",개항질서법,소계,-,-,-,-,-,-,-,-,-,-,-,-,-,-,-,-,-,-,1,1,100.0,1,1,-,-,-,-,-,-,-,-,-,-,-,-,-,-,-,-,-,-,-,-,-,-,-,-,-,-,-,-,-,-,-,-,-,-,-,-,-,-,-,-,-,-,-,-,-,-,-,-,-,-,-,-,-,-,-
"특별법범",건설기계 관리법,소계,-,-,-,-,-,-,499,440,88.2,499,488,11,392,379,96.7,556,416,140,208,195,93.8,223,208,15,170,153,90.0,170,161,9,188,172,91.5,186,169,17,81,83,102.5,88,78,10,32,29,90.6,33,31,2,47,41,87.2,47,44,3,53,54,101.8,60,60,-,37,37,100.0,40,39,1,24,25,104.1,18,18,-,33,36,109.0,36,36,-
"특별법범",건설산업 기본법,소계,-,-,-,-,-,-,79,62,78.5,100,97,3,158,141,89.2,201,197,4,107,129,120.6,191,190,1,45,47,104.4,67,65,2,19,20,105.3,32,30,2,4,6,150.0,6,6,-,40,36,90.0,66,65,1,34,34,100.0,45,43,2,45,47,104.4,82,78,4,63,59,93.6,74,70,4,59,49,83.0,64,63,1,88,59,67.0,68,66,2
"특별법범",건전가정의례의 정착 및 지원에 관한 법률,소계,-,-,-,-,-,-,415,374,90.1,522,385,137,207,194,93.7,209,191,18,25,28,112.0,30,27,3,34,32,94.1,45,30,15,15,15,100.0,15,12,3,15,17,113.3,18,17,1,2,2,100.0,2,2,-,-,-,-,-,-,-,-,-,-,-,-,-,-,-,-,-,-,-,-,-,-,-,-,-,-,-,-,-,-,-
"특별법범",건축법,소계,4092,3963,96.8,4705,4019,686,3754,3659,97.5,5012,3725,1287,3117,3093,99.2,4038,3232,806,2054,1999,97.3,2457,2062,395,1993,1978,99.2,2544,2087,457,1422,1396,98.2,1815,1503,312,1305,1292,99.0,1692,1380,312,1227,1210,98.6,1582,1235,347,1412,1420,100.5,1799,1405,394,1897,1902,100.2,2373,1752,621,1879,1867,99.3,2414,1711,703,1805,1851,102.5,1247,868,379,1084,1096,101.1,1335,1083,252
"특별법범",건축사법,소계,-,-,-,-,-,-,8,10,125.0,18,17,1,3,2,66.7,2,2,-,3,1,33.3,1,1,-,21,21,100.0,36,35,1,2,4,200.0,6,6,-,4,3,75.0,3,3,-,1,1,100.0,1,1,-,3,2,66.6,4,2,2,-,-,-,-,-,-,-,-,-,-,-,-,-,-,-,-,-,-,-,-,-,-,-,-
"특별법범",계량법,소계,149,121,81.2,131,120,11,31,25,80.6,26,25,1,-,1,-,1,1,-,-,-,-,-,-,-,-,1,-,1,-,1,-,-,-,-,-,-,2,3,150.0,3,3,-,-,-,-,-,-,-,1,-,-,-,-,-,-,-,-,-,-,-,-,-,-,-,-,-,-,-,-,-,-,-,-,-,-,-,-,-
"특별법범",계량에 관한법률,소계,-,-,-,-,-,-,18,20,111.1,28,27,1,2,2,100.0,3,3,-,3,3,100.0,3,3,-,7,6,85.7,6,6,-,14,14,100.0,16,14,2,54,52,96.3,120,109,11,7,5,71.4,7,7,-,2,3,150.0,3,2,1,-,-,-,-,-,-,-,-,-,-,-,-,-,-,-,-,-,-,-,-,-,-,-,-
"특별법범",고물영업법,소계,102,97,95.1,98,96,2,-,-,-,-,-,-,-,-,-,-,-,-,-,-,-,-,-,-,-,-,-,-,-,-,-,-,-,-,-,-,-,-,-,-,-,-,-,-,-,-,-,-,-,-,-,-,-,-,-,-,-,-,-,-,-,-,-,-,-,-,-,-,-,-,-,-,-,-,-,-,-,-
"특별법범",고압가스 안전관리법,소계,-,-,-,-,-,-,3,3,100.0,3,3,-,10,10,100.0,12,12,-,10,9,90.0,10,9,1,9,8,88.9,11,9,2,3,3,100.0,3,2,1,29,28,96.6,32,29,3,9,8,88.9,13,11,2,4,4,100.0,5,4,1,-,-,-,-,-,-,-,-,-,-,-,-,-,-,-,-,-,-,-,-,-,-,-,-
"특별법범",고용보험법,소계,-,-,-,-,-,-,-,-,-,-,-,-,-,-,-,-,-,-,-,-,-,-,-,-,-,-,-,-,-,-,-,-,-,-,-,-,-,-,-,-,-,-,-,-,-,-,-,-,-,-,-,-,-,-,3,2,66.6,3,2,1,7,2,28.5,2,1,1,4,4,100.0,5,5,-,2,3,150.0,3,2,1
"특별법범",골재채취법,소계,-,-,-,-,-,-,1,3,300.0,3,3,-,-,-,-,-,-,-,-,-,-,-,-,-,2,2,100.0,2,2,-,3,3,100.0,9,9,-,3,3,100.0,3,3,-,4,4,100.0,4,4,-,4,4,100.0,4,4,-,-,-,-,-,-,-,4,4,100.0,5,4,1,1,1,100.0,1,-,1,-,2,-,4,3,1
"특별법범",공산품품질관리법,소계,106,104,98.1,105,96,9,48,47,97.9,49,40,9,2,3,150.0,4,4,-,-,-,-,-,-,-,-,-,-,-,-,-,-,-,-,-,-,-,-,-,-,-,-,-,-,-,-,-,-,-,-,-,-,-,-,-,-,-,-,-,-,-,-,-,-,-,-,-,-,-,-,-,-,-,-,-,-,-,-,-
"특별법범",공업배치 및 공장설립에 관한 법률,소계,-,-,-,-,-,-,15,12,80.0,12,12,-,77,78,101.3,80,73,7,12,15,125.0,17,16,1,5,6,120.0,7,7,-,10,9,90.0,9,8,1,9,8,88.9,9,8,1,6,5,83.3,10,10,-,12,11,91.6,13,12,1,9,11,122.2,11,11,-,6,7,116.6,8,7,1,-,-,-,-,-,-,-,-,-,-,-,-
"특별법범",공유수면 관리법,소계,-,-,-,-,-,-,3,3,100.0,3,3,-,3,3,100.0,3,3,-,-,-,-,-,-,-,3,3,100.0,5,5,-,2,3,150.0,3,3,-,2,2,100.0,2,2,-,4,3,75.0,4,4,-,3,2,66.6,2,1,1,1,1,100.0,1,1,-,3,3,100.0,3,3,-,1,3,300.0,1,1,-,-,-,-,-,-,-
"특별법범",공중위생관리법,소계,1213,1233,101.6,1307,853,454,882,884,100.2,949,648,301,1172,1172,100.0,1235,852,383,892,889,99.7,987,684,303,1085,1081,99.6,1238,844,394,1358,1358,100.0,1468,1014,454,581,585,100.7,667,441,226,112,118,105.4,149,97,52,121,120,99.1,137,76,61,91,89,97.8,97,57,40,131,131,100.0,137,78,59,107,113,105.6,106,49,57,76,68,89.4,71,53,18
"특별법범",공직선거 및 선거부정방지법,소계,-,-,-,-,-,-,-,-,-,-,-,-,-,-,-,-,-,-,-,-,-,-,-,-,-,-,-,-,-,-,-,-,-,-,-,-,-,-,-,-,-,-,-,-,-,-,-,-,-,-,-,-,-,-,452,428,94.6,591,465,126,78,72,92.3,98,85,13,385,379,98.4,432,347,85,-,-,-,-,-,-
"특별법범",공직선거법,소계,-,-,-,-,-,-,-,-,-,-,-,-,-,-,-,-,-,-,-,-,-,-,-,-,-,-,-,-,-,-,-,-,-,-,-,-,-,-,-,-,-,-,-,-,-,-,-,-,-,-,-,-,-,-,-,-,-,-,-,-,-,-,-,-,-,-,-,-,-,-,-,-,27,27,100.0,30,28,2
"특별법범",관광진흥법,소계,-,-,-,-,-,-,5,3,60.0,3,2,1,5,6,120.0,9,8,1,4,3,75.0,5,5,-,7,5,71.4,9,9,-,19,16,84.2,19,12,7,2,2,100.0,3,3,-,10,8,80.0,9,8,1,8,8,100.0,10,10,-,-,-,-,-,-,-,-,-,-,-,-,-,-,-,-,-,-,-,-,-,-,-,-,-
"특별법범",관세법,소계,503,502,99.8,530,379,151,7,7,100.0,22,16,6,4,6,150.0,11,11,-,5,8,160.0,18,15,3,1,1,100.0,1,1,-,-,-,-,-,-,-,3,4,133.3,15,14,1,1,2,200.0,2,1,1,1,1,100.0,1,-,1,5,3,60.0,5,4,1,2,1,50.0,4,4,-,-,-,-,-,-,-,2,2,100.0,2,2,-
"특별법범",교통사고 처리특례법,소계,49328,49214,99.8,50343,47837,2506,42988,42990,100.0,44029,40961,3068,38952,38916,99.9,40717,37372,3345,41441,41344,99.8,42424,39232,3192,37668,37830,100.4,39184,35747,3437,36374,36691,100.9,38077,34608,3469,41203,41602,101.0,42478,39208,3270,46643,45959,98.5,47295,43073,4222,41155,41506,100.8,42874,38161,4713,36740,36707,99.9,37520,33785,3735,36858,36695,99.5,37567,33426,4141,38038,37221,97.8,12635,11101,1534,36539,35162,96.2,35428,34411,1017
"특별법범",국가기술자격법,소계,-,-,-,-,-,-,4,3,75.0,3,3,-,-,-,-,-,-,-,145,144,99.3,146,146,-,5,6,120.0,8,8,-,9,9,100.0,10,10,-,26,26,100.0,29,27,2,9,6,66.7,13,13,-,16,18,112.5,75,75,-,12,13,108.3,26,23,3,5,6,120.0,6,6,-,27,24,88.8,11,10,1,114,42,36.8,44,42,2
"특별법범",국가보안법,소계,76,77,101.3,223,152,71,127,162,127.6,430,320,110,91,105,115.4,528,323,205,155,165,106.5,481,320,161,204,214,104.9,455,329,126,139,188,135.3,401,256,145,100,105,105.0,174,129,45,118,102,86.4,118,92,26,90,77,85.5,101,71,30,68,58,85.2,58,41,17,44,43,97.7,44,32,12,37,31,83.7,27,21,6,22,13,59.0,13,13,-
"특별법범",국민연금법,소계,-,-,-,-,-,-,-,-,-,-,-,-,-,-,-,-,-,-,-,-,-,-,-,-,-,-,-,-,-,-,-,-,-,-,-,-,-,-,-,-,-,-,31,24,77.4,25,24,1,11,12,109.0,12,12,-,21,18,85.7,24,23,1,41,37,90.2,45,41,4,6,9,150.0,4,3,1,6,7,116.6,8,6,2
"특별법범",국유재산법,소계,-,-,-,-,-,-,3,3,100.0,3,3,-,3,3,100.0,3,3,-,6,5,83.3,5,3,2,17,18,105.9,19,18,1,5,5,100.0,5,2,3,9,9,100.0,10,10,-,2,2,100.0,2,1,1,5,4,80.0,4,4,-,-,-,-,-,-,-,-,-,-,-,-,-,-,-,-,-,-,-,-,-,-,-,-,-
"특별법범",국토이용관리법,소계,-,-,-,-,-,-,6,6,100.0,9,7,2,6,6,100.0,12,11,1,6,6,100.0,8,8,-,19,18,94.7,35,26,9,6,6,100.0,13,11,2,4,4,100.0,6,5,1,7,6,85.7,11,11,-,2,2,100.0,6,6,-,-,-,-,-,-,-,-,-,-,-,-,-,-,-,-,-,-,-,-,-,-,-,-,-
"특별법범",국회의원 선거법,소계,6,15,250.0,15,14,1,-,-,-,-,-,-,-,-,-,-,-,-,-,-,-,-,-,-,-,-,-,-,-,-,-,-,-,-,-,-,-,-,-,-,-,-,-,-,-,-,-,-,-,-,-,-,-,-,-,-,-,-,-,-,-,-,-,-,-,-,-,-,-,-,-,-,-,-,-,-,-,-
"특별법범",근로기준법,소계,11,9,81.8,9,8,1,1,1,100.0,2,2,-,6,5,83.3,5,5,-,12,13,108.3,15,13,2,14,15,107.1,15,13,2,6,8,133.3,9,5,4,7,12,171.4,13,10,3,9,5,55.6,5,5,-,5,6,120.0,7,5,2,8,6,75.0,6,6,-,6,6,100.0,6,5,1,6,4,66.6,4,3,1,10,6,60.0,6,3,3
"특별법범",낚시어선업법,소계,-,-,-,-,-,-,-,-,-,-,-,-,-,-,-,-,-,-,-,-,-,-,-,-,-,-,-,-,-,-,-,-,-,-,-,-,-,-,-,-,-,-,-,-,-,-,-,-,-,-,-,-,-,-,-,-,-,-,-,-,-,-,-,-,-,-,-,-,-,-,-,-,-,-,-,-,-,-
"특별법범",내수면어업법,소계,-,-,-,-,-,-,14,13,92.9,14,14,-,4,4,100.0,4,4,-,4,4,100.0,4,4,-,5,7,140.0,7,5,2,2,3,150.0,3,3,-,4,5,125.0,5,5,-,4,4,100.0,7,7,-,11,10,90.9,12,12,-,3,3,100.0,4,4,-,1,2,200.0,2,2,-,-,-,-,-,-,-,-,2,-,2,2,-
"특별법범",노동쟁의조정법,소계,-,-,-,-,-,-,2,2,100.0,42,42,-,-,-,-,-,-,-,2,1,50.0,1,1,-,-,-,-,-,-,-,-,-,-,-,-,-,-,-,-,-,-,-,-,-,-,-,-,-,-,-,-,-,-,-,-,-,-,-,-,-,-,-,-,-,-,-,-,-,-,-,-,-,-,-,-,-,-,-
"특별법범",노동조합법,소계,-,-,-,-,-,-,-,-,-,-,-,-,-,-,-,-,-,-,-,-,-,-,-,-,-,-,-,-,-,-,-,-,-,-,-,-,-,-,-,-,-,-,2,2,100.0,1998,1998,-,-,-,-,-,-,-,-,-,-,-,-,-,-,-,-,-,-,-,-,-,-,-,-,-,-,-,-,-,-,-
"특별법범",노동조합 및 노동관계조정법,소계,-,-,-,-,-,-,-,-,-,-,-,-,-,-,-,-,-,-,1,2,200.0,2,2,-,-,-,-,-,-,-,-,-,-,-,-,-,-,-,-,-,-,-,-,-,-,-,-,-,-,-,-,-,-,-,14,13,92.8,14,6,8,-,-,-,-,-,-,3,4,133.3,21,21,-,5,5,100.0,5,5,-
"특별법범",농산물품질관리법,소계,-,-,-,-,-,-,-,-,-,-,-,-,-,-,-,-,-,-,-,-,-,-,-,-,-,-,-,-,-,-,-,-,-,-,-,-,-,-,-,-,-,-,-,-,-,-,-,-,-,-,-,-,-,-,49,51,104.0,65,56,9,74,72,97.3,86,61,25,72,77,106.9,73,63,10,16,21,131.2,65,64,1
"특별법범",농수산물유통 및 가격안정에 관한법률,소계,-,-,-,-,-,-,2,2,100.0,2,2,-,1,1,100.0,1,1,-,4,8,200.0,12,12,-,8,9,112.5,10,9,1,14,16,114.3,16,16,-,2,3,150.0,4,4,-,1,1,100.0,2,2,-,1,1,100.0,1,1,-,1,1,100.0,3,3,-,67,67,100.0,78,73,5,1,2,200.0,2,1,1,-,-,-,-,-,-
"특별법범",농어촌발전 특별조치법,소계,-,-,-,-,-,-,-,1,-,1,1,-,1,1,100.0,2,2,-,-,-,-,-,-,-,-,-,-,-,-,-,-,-,-,-,-,-,-,-,-,-,-,-,-,-,-,-,-,-,-,-,-,-,-,-,-,-,-,-,-,-,-,-,-,-,-,-,-,-,-,-,-,-,-,-,-,-,-,-
"특별법범",농업협동조합법,소계,-,-,-,-,-,-,-,-,-,-,-,-,-,-,-,-,-,-,-,-,-,-,-,-,1,1,100.0,4,4,-,-,-,-,-,-,-,-,-,-,-,-,-,-,-,-,-,-,-,-,-,-,-,-,-,-,-,-,-,-,-,-,-,-,-,-,-,1,1,100.0,-,-,-,1,-,-,-,-,-
"특별법범",농지법,소계,-,-,-,-,-,-,9,9,100.0,11,10,1,13,20,153.8,23,22,1,8,8,100.0,8,8,-,7,7,100.0,9,9,-,2,-,-,-,-,-,2,3,150.0,3,2,1,-,-,-,-,-,-,-,-,-,-,-,-,90,95,105.5,118,98,20,100,101,101.0,134,104,30,79,118,149.3,73,62,11,57,87,152.6,99,91,8
"특별법범",농지의보전 및 이용에 관한법률,소계,-,-,-,-,-,-,-,-,-,-,-,-,-,-,-,-,-,-,-,-,-,-,-,-,-,-,-,-,-,-,-,-,-,-,-,-,-,-,-,-,-,-,-,-,-,-,-,-,1,1,100.0,1,1,-,-,-,-,-,-,-,-,-,-,-,-,-,-,-,-,-,-,-,-,-,-,-,-,-
"특별법범",담배사업법,소계,81,81,100.0,92,72,20,70,69,98.6,71,53,18,486,480,98.8,488,293,195,333,332,99.7,347,215,132,326,320,98.2,340,206,134,318,313,98.4,320,177,143,247,249,100.8,259,145,114,329,322,97.9,348,206,142,335,332,99.1,344,191,153,254,257,101.1,269,176,93,91,94,103.3,98,67,31,135,129,95.5,86,54,32,134,130,97.0,138,96,42
"특별법범",대기환경보전법,소계,170,166,97.6,197,190,7,168,152,90.5,174,170,4,128,131,102.3,147,141,6,155,149,96.1,173,166,7,98,86,87.8,95,89,6,82,78,95.1,79,69,10,194,194,100.0,215,198,17,782,782,100.0,920,878,42,552,558,101.0,673,640,33,181,182,100.5,235,226,9,163,160,98.1,166,160,6,194,184,94.8,119,99,20,97,93,95.8,124,117,7
"특별법범",대외 무역법,소계,-,-,-,-,-,-,209,205,98.1,221,186,35,55,57,103.6,62,55,7,25,19,76.0,25,17,8,27,24,88.9,31,28,3,6,9,150.0,14,13,1,39,40,102.6,56,47,9,11,11,100.0,23,23,-,2,2,100.0,8,8,-,7,9,128.5,24,24,-,14,18,128.5,48,42,6,16,17,106.2,37,35,2,7,8,114.2,11,9,2
"특별법범",도로교통법,소계,56592,55832,98.7,56523,55251,1272,51026,50164,98.3,52098,49800,2298,61965,61873,99.9,64600,61446,3154,75577,75021,99.3,76182,74169,2013,92428,91711,99.2,93055,90311,2744,96744,95348,98.6,96713,92802,3911,64694,63692,98.5,64832,62079,2753,61686,61214,99.2,63388,59199,4189,81078,80097,98.7,81273,76810,4463,69712,69537,99.7,70519,66307,4212,64796,64262,99.1,65219,60465,4754,7379,6706,90.8,2482,2270,212,9554,8990,94.1,9199,8896,303
"특별법범",도로교통법(무면허운전),소계,-,-,-,-,-,-,-,-,-,-,-,-,-,-,-,-,-,-,-,-,-,-,-,-,-,-,-,-,-,-,-,-,-,-,-,-,-,-,-,-,-,-,15,28,186.7,28,28,-,252,344,136.5,350,336,14,861,744,86.4,753,728,25,1894,1890,99.7,1938,1866,72,16700,16850,100.9,15144,14239,905,13069,12924,98.8,13074,12289,785
"특별법범",도로교통법(음주운전),소계,-,-,-,-,-,-,-,-,-,-,-,-,-,-,-,-,-,-,-,-,-,-,-,-,-,-,-,-,-,-,-,-,-,-,-,-,-,-,-,-,-,-,1293,943,72.9,948,923,25,3011,2979,98.9,3101,2954,147,3952,3656,92.5,3661,3431,230,9509,9427,99.1,9444,8791,653,60188,60885,101.1,54669,49258,5411,48940,48240,98.5,48386,43844,4542
"특별법범",도로교통법(음주측정거부),소계,-,-,-,-,-,-,-,-,-,-,-,-,-,-,-,-,-,-,-,-,-,-,-,-,-,-,-,-,-,-,-,-,-,-,-,-,-,-,-,-,-,-,3,1,33.3,1,1,-,8,9,112.5,9,9,-,14,10,71.4,10,10,-,31,35,112.9,35,33,2,642,649,101.0,594,540,54,487,478,98.1,487,455,32
"특별법범",도로법,소계,5105,4996,97.9,6369,6219,150,4208,4362,103.7,5157,5042,115,2296,2697,117.5,3502,3060,442,2079,2112,101.6,2648,2557,91,2605,2624,100.7,3264,3130,134,1871,1912,102.2,2379,2278,101,2099,2087,99.4,2516,2421,95,2105,2089,99.2,2491,2396,95,2379,2418,101.6,2832,2682,150,3009,3054,101.5,3448,3291,157,2636,2692,102.1,3049,2927,122,1396,2228,159.6,1354,1287,67,1125,1921,170.7,2024,1969,55
"특별법범",도시계획법,소계,786,743,94.5,864,777,87,576,560,97.2,624,588,36,530,555,104.7,671,618,53,617,622,100.8,745,680,65,548,543,99.1,800,632,168,339,340,100.3,443,392,51,335,336,100.3,441,393,48,456,478,104.8,586,526,60,242,248,102.4,334,299,35,209,221,105.7,233,196,37,241,235,97.5,253,218,35,1,-,-,-,-,-,-,-,-,-,-,-
"특별법범",도시공원법,소계,-,-,-,-,-,-,74,73,98.6,77,70,7,51,50,98.0,51,47,4,72,74,102.8,88,81,7,38,38,100.0,43,39,4,47,45,95.7,46,41,5,36,36,100.0,43,38,5,41,37,90.2,44,36,8,36,34,94.4,41,38,3,31,31,100.0,31,27,4,59,57,96.6,63,52,11,49,44,89.8,33,28,5,54,46,85.1,47,45,2
"특별법범",독점규제 및 공정거래에 관한법률,소계,-,-,-,-,-,-,-,-,-,-,-,-,-,-,-,-,-,-,-,-,-,-,-,-,-,-,-,-,-,-,-,-,-,-,-,-,-,-,-,-,-,-,-,-,-,-,-,-,-,-,-,-,-,-,2,2,100.0,2,2,-,-,-,-,-,-,-,-,-,-,-,-,-,4,4,100.0,5,5,-
"특별법범",디자인보호법,소계,-,-,-,-,-,-,74,71,95.9,98,91,7,97,92,94.8,128,119,9,58,56,96.6,66,63,3,105,101,96.2,130,121,9,113,103,91.2,118,109,9,129,123,95.3,155,141,14,-,-,-,-,-,-,-,-,-,-,-,-,-,-,-,-,-,-,-,-,-,-,-,-,80,73,91.2,80,67,13,65,58,89.2,75,63,12
"특별법범",마약류관리에 관한 법률(대마),소계,115,131,113.9,248,241,7,69,75,108.7,156,133,23,78,79,101.3,142,133,9,45,57,126.7,106,101,5,55,59,107.3,93,88,5,84,88,104.8,166,155,11,258,291,112.8,427,408,19,283,319,112.7,486,459,27,145,235,162.0,317,304,13,221,272,123.0,400,381,19,199,273,137.1,384,343,41,115,141,122.6,167,155,12,119,141,118.4,177,172,5
"특별법범",마약류관리에 관한 법률(마약),소계,96,68,70.8,85,62,23,55,57,103.6,66,46,20,22,24,109.1,29,15,14,23,28,121.7,30,17,13,37,41,110.8,42,19,23,60,60,100.0,63,29,34,88,93,105.7,95,38,57,189,198,104.8,269,175,94,72,61,84.7,83,66,17,85,92,108.2,133,106,27,74,75,101.3,89,49,40,88,112,127.2,68,32,36,33,49,148.4,57,45,12
"특별법범",마약류관리에 관한 법률(향정),소계,124,203,163.7,426,257,169,138,164,118.8,314,252,62,156,173,110.9,275,243,32,197,230,116.8,358,285,73,172,199,115.7,292,240,52,274,263,96.0,353,269,84,673,741,110.1,1076,865,211,609,646,106.1,1006,814,192,506,688,135.9,1119,896,223,655,830,126.7,1143,947,196,424,473,111.5,704,558,146,396,436,110.1,569,459,110,381,452,118.6,635,555,80
"특별법범",마약류불법거래방지에 관한 특례법,소계,-,-,-,-,-,-,-,-,-,-,-,-,-,-,-,-,-,-,-,-,-,-,-,-,-,-,-,-,-,-,-,-,-,-,-,-,-,-,-,-,-,-,-,-,-,-,-,-,-,-,-,-,-,-,-,-,-,-,-,-,-,1,-,1,1,-,1,2,200.0,3,2,1,1,1,100.0,5,5,-
"특별법범",민방위기본법,소계,4151,3513,84.6,3698,3691,7,501,576,115.0,577,576,1,7,76,85.7,76,76,-,-,1,-,1,1,-,-,-,-,-,-,-,-,-,-,-,-,-,-,-,-,-,-,-,-,-,-,-,-,-,-,-,-,-,-,-,-,-,-,-,-,-,-,-,-,-,-,-,-,-,-,-,-,-,-,-,-,-,-,-
"특별법범",민사소송법,소계,-,-,-,-,-,-,171,132,77.2,135,111,24,151,145,96.0,161,126,35,194,163,84.0,177,146,31,247,222,89.9,236,186,50,372,295,79.3,314,239,75,571,473,82.8,487,387,100,601,483,80.4,501,388,113,1015,783,77.1,819,620,199,1010,786,77.8,826,615,211,20,27,135.0,27,21,6,8,11,137.5,6,4,2,7,8,114.2,8,6,2
"특별법범",밀항단속법,소계,-,-,-,-,-,-,7,9,128.6,15,15,-,1,9,900.0,9,9,-,5,12,240.0,15,14,1,9,11,122.2,11,10,1,5,6,120.0,8,5,3,6,10,166.7,11,10,1,18,18,100.0,18,11,7,16,14,87.5,28,10,18,2,1,50.0,1,1,-,8,4,50.0,8,3,5,7,2,28.5,2,-,2,8,1,12.5,1,-,1
"특별법범",방문판매 등에 관한법률,소계,-,-,-,-,-,-,47,38,80.9,64,53,11,35,32,91.4,46,38,8,210,217,103.3,259,221,38,190,184,96.8,247,210,37,225,225,100.0,448,353,95,95,97,102.1,196,149,47,116,110,94.8,311,260,51,195,192,98.4,770,624,146,195,192,98.4,382,314,68,103,106,102.9,182,145,37,77,72,93.5,160,107,53,130,99,76.1,248,200,48
"특별법범",배타적경제수역에서의 외국인어업등에대한 주권적권리의 행사에 관한법률,소계,-,-,-,-,-,-,-,-,-,-,-,-,-,-,-,-,-,-,-,-,-,-,-,-,-,-,-,-,-,-,-,-,-,-,-,-,-,-,-,-,-,-,-,-,-,-,-,-,-,-,-,-,-,-,-,-,-,-,-,-,-,-,-,-,-,-,-,-,-,-,-,-,-,-,-,-,-,-
"특별법범",범죄수익은닉의 규제 및 처벌 등에 관한법률,소계,-,-,-,-,-,-,-,-,-,-,-,-,-,-,-,-,-,-,-,-,-,-,-,-,-,-,-,-,-,-,-,-,-,-,-,-,-,-,-,-,-,-,-,-,-,-,-,-,-,-,-,-,-,-,-,-,-,-,-,-,-,-,-,-,-,-,-,-,-,-,-,-,1,-,-,-,-,-
"특별법범",변호사법,소계,143,126,88.1,162,151,11,116,106,91.4,126,119,7,109,110,100.9,129,121,8,104,97,93.3,108,106,2,90,89,98.9,105,102,3,120,101,84.2,122,117,5,163,132,81.0,174,162,12,151,127,84.1,159,145,14,128,120,93.7,143,133,10,102,93,91.1,113,106,7,115,93,80.8,118,108,10,141,106,75.1,82,70,12,183,131,71.5,144,131,13
"특별법범",병역법,소계,6551,6149,93.9,6341,6193,148,10097,9542,94.5,9865,9499,366,8443,8134,96.3,8581,8122,459,2979,2919,98.0,2934,2882,52,2087,1908,91.4,1912,1870,42,2649,2307,87.1,2323,2273,50,2581,2273,88.1,2294,2236,58,4419,3962,89.7,3998,3881,117,5107,4646,90.9,4661,4557,104,5326,4856,91.1,4866,4788,78,6268,5023,80.1,5040,4919,121,5964,5301,88.8,2764,2670,94,4912,4431,90.2,4436,4345,91
"특별법범",보건범죄특조법(부정 의료업자),소계,156,167,107.1,212,180,32,41,39,95.1,49,28,21,81,83,102.5,100,74,26,38,38,100.0,47,40,7,58,57,98.3,74,58,16,55,52,94.5,60,39,21,160,167,104.4,216,163,53,130,138,106.2,203,145,58,136,140,102.9,254,133,121,67,68,101.4,78,49,29,105,101,96.1,155,83,72,203,216,106.4,277,171,106,206,216,104.8,280,182,98
"특별법범",부동산등기 특별조치법,소계,-,-,-,-,-,-,5,4,80.0,5,5,-,4,2,50.0,2,2,-,5,4,80.0,4,4,-,5,4,80.0,5,5,-,6,5,83.3,7,5,2,8,8,100.0,21,21,-,7,7,100.0,7,7,-,6,8,133.3,9,7,2,3,3,100.0,7,5,2,7,6,85.7,14,8,6,6,9,150.0,14,12,2,28,19,67.8,28,19,9
"특별법범",부동산소유권이전 등기등에 관한법률,소계,-,-,-,-,-,-,-,-,-,-,-,-,-,-,-,-,-,-,-,-,-,-,-,-,-,-,-,-,-,-,-,-,-,-,-,-,-,-,-,-,-,-,8,8,100.0,22,20,2,6,6,100.0,10,9,1,-,-,-,-,-,-,-,-,-,-,-,-,-,-,-,-,-,-,-,-,-,-,-,-
"특별법범",부동산 실권리자 명의등기에 관한법률,소계,-,-,-,-,-,-,3,3,100.0,8,8,-,6,6,100.0,14,13,1,8,10,125.0,22,20,2,7,8,114.3,14,13,1,3,3,100.0,3,2,1,8,8,100.0,29,27,2,-,-,-,-,-,-,-,-,-,-,-,-,30,30,100.0,68,55,13,40,35,87.5,68,53,15,39,35,89.7,23,16,7,60,57,95.0,71,56,15
"특별법범",부동산 중개업법,소계,123,114,92.7,143,125,18,154,149,96.8,197,178,19,159,159,100.0,243,225,18,77,86,111.7,118,109,9,96,88,91.7,116,106,10,98,103,105.1,128,109,19,196,204,104.1,281,251,30,123,118,95.9,166,148,18,127,129,101.5,213,184,29,211,209,99.0,264,228,36,186,181,97.3,248,205,43,199,183,91.9,131,98,33,192,192,100.0,236,206,30
"특별법범",부정경쟁방지 및 영업비밀보호에 관한법률,소계,82,86,104.9,108,91,17,37,33,89.2,52,44,8,49,45,91.8,68,67,1,37,37,100.0,60,51,9,55,54,98.2,81,66,15,45,47,104.4,63,47,16,112,104,92.9,135,104,31,116,109,94.0,180,151,29,113,104,92.0,177,150,27,117,116,99.1,194,158,36,112,108,96.4,174,151,23,208,186,89.4,182,138,44,185,168,90.8,262,225,37
"특별법범",부정수표단속법,소계,15240,10814,71.0,11292,9524,1768,30116,17175,57.0,17534,14741,2793,35739,22400,62.7,23474,19282,4192,25826,19023,73.7,19706,16466,3240,21202,14817,69.9,15201,12827,2374,24876,19337,77.7,19660,16996,2664,11665,9724,83.4,9984,8518,1466,6229,4384,70.4,4507,3857,650,4843,3397,70.1,3609,3174,435,3642,2613,71.7,2749,2417,332,4688,3285,70.0,3378,2918,460,8966,5192,57.9,3316,2861,455,6221,3786,60.8,4506,4118,388
"특별법범",사행행위 등 규제 및 처벌특례법,소계,-,-,-,-,-,-,191,196,102.6,218,192,26,249,247,99.2,261,196,65,284,298,104.9,383,332,51,195,198,101.5,281,236,45,162,163,100.6,255,214,41,246,259,105.3,341,250,91,160,167,104.4,268,219,49,134,135,100.7,191,165,26,73,74,101.3,87,72,15,59,57,96.6,77,65,12,125,128,102.4,135,109,26,91,85,93.4,94,83,11
"특별법범",사행행위 등 규제법,소계,-,-,-,-,-,-,146,140,95.9,157,111,46,49,54,110.2,65,53,12,70,65,92.9,89,78,11,25,28,112.0,35,29,6,54,55,101.9,72,64,8,82,77,93.9,106,78,28,11,12,109.1,28,26,2,11,16,145.4,26,24,2,-,-,-,-,-,-,-,-,-,-,-,-,-,-,-,-,-,-,-,-,-,-,-,-
"특별법범",산림법,소계,33,29,87.9,32,26,6,8,12,150.0,18,17,1,13,12,92.3,14,13,1,21,22,104.8,27,24,3,29,28,96.6,31,29,2,29,24,82.8,24,20,4,28,31,110.7,46,44,2,42,37,88.1,51,46,5,22,21,95.4,22,21,1,28,28,100.0,33,32,1,36,33,91.6,40,37,3,24,25,104.1,32,29,3,11,17,154.5,17,17,-
"특별법범",산업안전보건법,소계,10,13,130.0,13,11,2,6,5,83.3,5,5,-,9,9,100.0,12,12,-,4,4,100.0,4,4,-,6,6,100.0,9,9,-,5,5,100.0,7,7,-,5,6,120.0,9,9,-,5,6,120.0,7,7,-,6,6,100.0,8,8,-,13,6,46.1,11,10,1,9,10,111.1,14,14,-,3,2,66.6,2,2,-,6,4,66.6,7,7,-
"특별법범",산업재해보상보험법,소계,-,-,-,-,-,-,-,-,-,-,-,-,-,-,-,-,-,-,-,-,-,-,-,-,-,-,-,-,-,-,-,-,-,-,-,-,-,-,-,-,-,-,-,-,-,-,-,-,-,-,-,-,-,-,-,-,-,-,-,-,-,-,-,-,-,-,-,-,-,-,-,-,1,1,100.0,1,1,-
"특별법범",상법,소계,-,-,-,-,-,-,4,3,75.0,13,12,1,3,3,100.0,3,3,-,6,4,66.7,4,4,-,2,1,50.0,1,-,1,5,5,100.0,7,7,-,1,2,200.0,3,3,-,4,5,125.0,5,4,1,9,9,100.0,15,13,2,20,16,80.0,82,71,11,20,17,85.0,41,36,5,13,10,76.9,14,12,2,46,21,45.6,48,36,12
"특별법범",상표법,소계,184,169,91.8,221,192,29,163,163,100.0,220,187,33,194,200,103.1,272,227,45,271,276,101.8,359,294,65,262,265,101.1,388,332,56,217,222,102.3,339,286,53,566,574,101.4,758,608,150,448,440,98.2,627,523,104,641,639,99.6,894,694,200,610,599,98.2,826,664,162,499,485,97.1,749,578,171,1087,931,85.6,961,677,284,651,648,99.5,861,685,176
"특별법범",상호신용금고법,소계,-,-,-,-,-,-,3,2,66.7,3,3,-,1,1,100.0,1,1,-,9,9,100.0,9,9,-,12,11,91.7,25,23,2,9,9,100.0,18,17,1,7,7,100.0,19,18,1,6,6,100.0,15,15,-,2,2,100.0,2,2,-,-,-,-,-,-,-,-,-,-,-,-,-,-,-,-,-,-,-,-,-,-,-,-,-
"특별법범",석유사업법,소계,-,-,-,-,-,-,9,9,100.0,9,9,-,5,6,120.0,6,5,1,9,7,77.8,9,9,-,16,16,100.0,19,18,1,17,16,94.1,18,18,-,26,31,119.2,49,44,5,36,43,119.4,64,62,2,78,77,98.7,142,132,10,39,36,92.3,64,61,3,455,474,104.1,779,743,36,708,747,105.5,763,731,32,331,339,102.4,396,389,7
"특별법범",선박안전법,소계,-,-,-,-,-,-,-,-,-,-,-,-,-,-,-,-,-,-,-,1,-,1,1,-,-,-,-,-,-,-,-,-,-,-,-,-,-,-,-,-,-,-,-,-,-,-,-,-,-,-,-,-,-,-,-,-,-,-,-,-,-,-,-,-,-,-,-,-,-,-,-,-,-,-,-,-,-,-
"특별법범",선박직원법,소계,-,-,-,-,-,-,-,-,-,-,-,-,-,-,-,-,-,-,-,-,-,-,-,-,-,-,-,-,-,-,-,-,-,-,-,-,-,-,-,-,-,-,-,-,-,-,-,-,-,-,-,-,-,-,-,-,-,-,-,-,-,-,-,-,-,-,-,-,-,-,-,-,-,-,-,-,-,-
"특별법범",선원법,소계,-,-,-,-,-,-,-,-,-,-,-,-,2,2,100.0,3,2,1,-,-,-,-,-,-,1,1,100.0,1,1,-,-,-,-,-,-,-,-,-,-,-,-,-,-,-,-,-,-,-,-,-,-,-,-,-,-,-,-,-,-,-,-,-,-,-,-,-,-,1,-,1,-,1,2,1,50.0,1,1,-
"특별법범",성매매법,소계,-,-,-,-,-,-,-,-,-,-,-,-,-,-,-,-,-,-,-,-,-,-,-,-,-,-,-,-,-,-,-,-,-,-,-,-,-,-,-,-,-,-,-,-,-,-,-,-,-,-,-,-,-,-,-,-,-,-,-,-,-,-,-,-,-,-,-,-,-,-,-,-,1103,1015,92.0,4483,3147,1336
"특별법범",성매매방지 및 피해자 보호등에 관한법률,소계,-,-,-,-,-,-,-,-,-,-,-,-,-,-,-,-,-,-,-,-,-,-,-,-,-,-,-,-,-,-,-,-,-,-,-,-,-,-,-,-,-,-,-,-,-,-,-,-,-,-,-,-,-,-,-,-,-,-,-,-,-,-,-,-,-,-,274,297,108.3,874,537,337,-,-,-,-,-,-
"특별법범",성폭력 범죄의 처벌 및 피해자보호법,소계,-,-,-,-,-,-,313,320,102.2,518,513,5,242,254,105.0,380,376,4,337,353,104.7,477,473,4,363,374,103.0,456,453,3,408,414,101.5,486,481,5,598,593,99.2,684,676,8,829,780,94.1,929,912,17,1331,1283,96.3,1437,1422,15,-,-,-,-,-,-,-,-,-,-,-,-,-,-,-,-,-,-,-,-,-,-,-,-
"특별법범",소방기본법,소계,11,6,54.5,7,6,1,9,13,144.4,15,14,1,6,6,100.0,9,9,-,2,2,100.0,2,2,-,3,3,100.0,5,5,-,4,4,100.0,6,6,-,12,11,91.7,17,17,-,1,3,300.0,5,5,-,1,1,100.0,1,1,-,5,4,80.0,5,5,-,16,17,106.2,19,18,1,19,19,100.0,20,20,-,1,1,100.0,1,1,-
"특별법범",소음·진동규제법,소계,-,-,-,-,-,-,19,18,94.7,18,18,-,23,23,100.0,25,25,-,17,16,94.1,19,19,-,18,16,88.9,20,20,-,16,15,93.8,17,17,-,22,23,104.5,25,24,1,23,23,100.0,23,23,-,34,33,97.0,35,32,3,19,18,94.7,19,17,2,31,31,100.0,33,31,2,34,34,100.0,21,19,2,19,14,73.6,14,13,1
"특별법범",수도법,소계,-,-,-,-,-,-,32,36,112.5,36,36,-,51,47,92.2,51,50,1,36,34,94.4,34,34,-,13,12,92.3,12,12,-,82,77,93.9,78,78,-,50,45,90.0,45,45,-,13,16,123.1,18,17,1,14,15,107.1,16,16,-,21,21,100.0,21,21,-,18,19,105.5,19,19,-,5,13,260.0,12,11,1,4,8,200.0,8,8,-
"특별법범",수복지역 내 소유지 미복구토지 보호법,소계,-,-,-,-,-,-,-,-,-,-,-,-,-,-,-,-,-,-,-,-,-,-,-,-,-,-,-,-,-,-,-,-,-,-,-,-,1,1,100.0,7,7,-,-,-,-,-,-,-,-,-,-,-,-,-,-,-,-,-,-,-,-,-,-,-,-,-,-,-,-,-,-,-,-,-,-,-,-,-
"특별법범",수산업법,소계,10,13,130.0,13,6,7,1,1,100.0,1,1,-,-,-,-,-,-,-,2,2,100.0,14,14,-,-,-,-,-,-,-,-,-,-,-,-,-,-,-,-,-,-,-,-,-,-,-,-,-,-,1,-,1,-,1,2,2,100.0,3,3,-,1,1,100.0,1,-,1,-,-,-,-,-,-,1,-,-,-,-,-
"특별법범",수산자원 보호령,소계,-,-,-,-,-,-,-,-,-,-,-,-,-,-,-,-,-,-,13,13,100.0,13,11,2,-,-,-,-,-,-,-,-,-,-,-,-,-,-,-,-,-,-,1,1,100.0,1,1,-,1,1,100.0,1,1,-,1,1,100.0,1,1,-,1,1,100.0,1,1,-,-,-,-,-,-,-,1,1,100.0,1,1,-
"특별법범",수상레저안전법,소계,-,-,-,-,-,-,-,-,-,-,-,-,-,-,-,-,-,-,-,-,-,-,-,-,-,-,-,-,-,-,-,-,-,-,-,-,-,-,-,-,-,-,-,-,-,-,-,-,-,-,-,-,-,-,13,13,100.0,14,14,-,5,5,100.0,5,4,1,2,6,300.0,2,2,-,-,2,-,2,2,-
"특별법범",수질환경보전법,소계,153,152,99.3,236,220,16,103,104,101.0,127,111,16,76,79,103.9,98,88,10,39,37,94.9,40,37,3,63,64,101.6,73,71,2,55,54,98.2,62,57,5,55,51,92.7,59,53,6,246,244,99.2,282,266,16,201,203,101.0,251,234,17,62,63,101.6,73,67,6,50,49,98.0,52,49,3,33,48,145.4,27,23,4,44,48,109.0,49,48,1
"특별법범",승강기제조 및 안전관리에 관한 법률,소계,-,-,-,-,-,-,1,1,100.0,1,1,-,8,8,100.0,8,8,-,4,4,100.0,6,6,-,3,3,100.0,3,3,-,4,4,100.0,4,4,-,4,4,100.0,5,5,-,-,-,-,-,-,-,-,-,-,-,-,-,-,-,-,-,-,-,-,-,-,-,-,-,-,-,-,-,-,-,-,-,-,-,-,-
"특별법범",식품위생법,소계,20833,20597,98.9,21098,9807,11291,15325,14976,97.7,15843,7465,8378,13309,13294,99.9,14154,6966,7188,11796,11828,100.3,12462,6344,6118,13923,13862,99.6,14420,7116,7304,12873,12789,99.3,13186,7032,6154,8256,8166,98.9,8629,4824,3805,6904,6804,98.6,7399,3844,3555,7036,7070,100.4,8312,4145,4167,4983,4952,99.3,5424,2684,2740,4214,4192,99.4,4670,2228,2442,4243,4175,98.4,3257,1656,1601,3153,3032,96.1,3172,2072,1100
"특별법범",신용정보의 이용 및 보호에 관한법률,소계,-,-,-,-,-,-,-,-,-,-,-,-,-,-,-,-,-,-,-,-,-,-,-,-,-,-,-,-,-,-,-,-,-,-,-,-,-,-,-,-,-,-,-,-,-,-,-,-,-,-,-,-,-,-,26,26,100.0,35,32,3,49,56,114.2,83,75,8,30,25,83.3,21,17,4,86,80,93.0,130,120,10
"특별법범",신용카드업법,소계,-,-,-,-,-,-,497,456,91.8,637,491,146,611,605,99.0,848,629,219,675,660,97.8,892,634,258,675,602,89.2,787,562,225,281,270,96.1,357,250,107,91,101,111.0,136,81,55,-,-,-,-,-,-,-,-,-,-,-,-,-,-,-,-,-,-,-,-,-,-,-,-,-,-,-,-,-,-,-,-,-,-,-,-
"특별법범",실용신안법,소계,-,-,-,-,-,-,42,36,85.7,50,49,1,46,47,102.2,65,64,1,47,44,93.6,56,54,2,60,64,106.7,85,84,1,72,68,94.4,116,113,3,88,81,92.0,100,96,4,103,94,91.3,163,155,8,83,76,91.5,98,90,8,90,89,98.8,117,107,10,80,76,95.0,107,102,5,95,86,90.5,48,42,6,94,80,85.1,93,93,-
"특별법범",액화석유가스의 안전관리 및 사업법,소계,-,-,-,-,-,-,27,32,118.5,37,29,8,22,23,104.5,26,22,4,16,17,106.3,18,14,4,21,20,95.2,22,15,7,19,20,105.3,25,22,3,104,106,101.9,129,113,16,27,28,103.7,41,38,3,166,172,103.6,206,186,20,23,37,160.8,50,40,10,21,20,95.2,28,26,2,12,14,116.6,5,4,1,27,21,77.7,22,21,1
"특별법범",약사법,소계,291,297,102.1,574,399,175,244,240,98.4,410,349,61,232,231,99.6,292,223,69,160,155,96.9,234,173,61,200,210,105.0,283,234,49,218,220,100.9,288,214,74,514,512,99.6,933,814,119,425,427,100.5,588,426,162,558,557,99.8,813,603,210,352,356,101.1,507,350,157,436,421,96.5,534,379,155,561,582,103.7,525,375,150,716,802,112.0,950,777,173
"특별법범",어선법,소계,-,-,-,-,-,-,-,-,-,-,-,-,-,-,-,-,-,-,-,-,-,-,-,-,-,-,-,-,-,-,-,-,-,-,-,-,-,-,-,-,-,-,-,-,-,-,-,-,-,-,-,-,-,-,-,-,-,-,-,-,-,-,-,-,-,-,-,-,-,-,-,-,-,-,-,-,-,-
"특별법범",에너지이용합리화법,소계,28,24,85.7,24,24,-,15,14,93.3,17,14,3,20,18,90.0,19,19,-,71,71,100.0,72,70,2,82,80,97.6,80,80,-,1,1,100.0,1,1,-,-,-,-,-,-,-,-,-,-,-,-,-,1,1,100.0,1,1,-,-,-,-,-,-,-,-,-,-,-,-,-,-,-,-,-,-,-,-,-,-,-,-,-
"특별법범",여객자동차운수사업법,소계,501,527,105.2,660,631,29,429,416,97.0,507,496,11,323,330,102.2,366,357,9,390,375,96.2,466,444,22,440,402,91.4,498,478,20,258,259,100.4,408,393,15,43,45,104.7,52,50,2,83,86,103.6,110,102,8,66,67,101.5,104,92,12,82,81,98.7,128,109,19,58,60,103.4,97,85,12,50,51,102.0,42,39,3,69,73,105.8,85,83,2
"특별법범",여권법,소계,13,14,107.7,20,18,2,-,-,-,-,-,-,-,-,-,-,-,-,-,-,-,-,-,-,-,-,-,-,-,-,-,-,-,-,-,-,-,-,-,-,-,-,-,-,-,-,-,-,-,-,-,-,-,-,37,31,83.7,48,33,15,41,27,65.8,55,33,22,40,31,77.5,55,26,29,43,29,67.4,49,32,17
"특별법범",여신전문금융업법,소계,-,-,-,-,-,-,-,-,-,-,-,-,-,-,-,-,-,-,-,-,-,-,-,-,-,-,-,-,-,-,-,-,-,-,-,-,-,-,-,-,-,-,443,337,76.1,520,377,143,666,548,82.2,826,634,192,1140,1010,88.6,1708,1280,428,1142,981,85.9,1639,1302,337,1067,842,78.9,922,662,260,716,545,76.1,684,573,111
"특별법범",오수ㆍ분뇨 및 축산폐수의 처리에 관한법률,소계,-,-,-,-,-,-,15,18,120.0,27,23,4,9,6,66.7,10,6,4,17,17,100.0,26,21,5,7,7,100.0,7,6,1,10,8,80.0,10,3,7,7,7,100.0,7,4,3,12,8,66.7,8,4,4,17,17,100.0,28,22,6,12,12,100.0,26,18,8,11,11,100.0,12,11,1,12,10,83.3,8,7,1,3,5,166.6,5,5,-
"특별법범",옥외광고물 등 관리법,소계,-,-,-,-,-,-,1138,1026,90.2,1126,812,314,1065,1014,95.2,1142,798,344,816,769,94.2,815,534,281,490,476,97.1,520,352,168,315,304,96.5,338,265,73,244,232,95.1,261,232,29,482,438,90.9,501,434,67,1107,1083,97.8,1235,1054,181,360,367,101.9,426,398,28,296,282,95.2,320,261,59,366,317,86.6,228,187,41,208,158,75.9,168,155,13
"특별법범",외국환거래법,소계,448,411,91.7,439,314,125,909,702,77.2,737,537,200,368,374,101.6,413,286,127,325,338,104.0,403,303,100,263,310,117.9,401,288,113,280,265,94.6,296,198,98,131,142,108.4,155,116,39,232,226,97.4,259,177,82,79,74,93.6,94,74,20,78,47,60.2,137,110,27,135,85,62.9,280,221,59,209,60,28.7,149,108,41,340,58,17.0,420,243,177
"특별법범",유사 수신행위의 규제에 관한법률,소계,-,-,-,-,-,-,-,-,-,-,-,-,-,-,-,-,-,-,-,-,-,-,-,-,-,-,-,-,-,-,-,-,-,-,-,-,-,-,-,-,-,-,-,-,-,-,-,-,-,-,-,-,-,-,194,187,96.3,604,435,169,133,132,99.2,393,265,128,120,88,73.3,214,158,56,157,101,64.3,257,177,80
"특별법범",유선 및 도선사업법,소계,-,-,-,-,-,-,-,-,-,-,-,-,1,1,100.0,1,1,-,2,2,100.0,2,2,-,2,1,50.0,1,1,-,1,2,200.0,2,2,-,-,-,-,-,-,-,1,1,100.0,1,1,-,-,-,-,-,-,-,-,-,-,-,-,-,-,-,-,-,-,-,-,-,-,-,-,-,1,1,100.0,1,1,-
"특별법범",유해화학물질관리법(환각물질흡입),소계,-,-,-,-,-,-,-,-,-,-,-,-,-,-,-,-,-,-,-,-,-,-,-,-,-,-,-,-,-,-,-,-,-,-,-,-,-,-,-,-,-,-,4,4,100.0,8,8,-,8,8,100.0,18,12,6,-,-,-,-,-,-,-,-,-,-,-,-,-,-,-,-,-,-,-,-,-,-,-,-
"특별법범",유해화학물질관리법,소계,599,689,115.0,1385,1136,249,597,620,103.9,1293,972,321,916,950,103.7,2094,1400,694,1177,1218,103.5,2407,1833,574,1153,1187,102.9,2405,1840,565,825,856,103.8,1591,1225,366,585,612,104.6,1051,845,206,482,484,100.4,811,642,169,336,339,100.8,496,411,85,271,276,101.8,357,287,70,200,198,99.0,222,203,19,60,62,103.3,55,46,9,56,57,101.7,64,54,10
"특별법범",윤락행위 등 방지법,소계,111,131,118.0,196,87,109,140,124,88.6,293,205,88,123,121,98.4,168,67,101,159,162,101.9,372,136,236,249,256,102.8,585,176,409,300,304,101.3,672,258,414,377,394,104.5,978,429,549,469,468,99.8,1256,573,683,1128,1251,110.9,3278,1487,1791,1173,1235,105.2,3589,1586,2003,1046,1112,106.3,3781,1746,2035,925,953,103.0,2669,1098,1571,27,35,129.6,100,63,37
"특별법범",윤락행위 등 방지법(청소년),소계,-,-,-,-,-,-,-,-,-,-,-,-,-,-,-,-,-,-,-,-,-,-,-,-,-,-,-,-,-,-,-,-,-,-,-,-,-,-,-,-,-,-,-,-,-,-,-,-,-,-,-,-,-,-,-,-,-,-,-,-,-,-,-,-,-,-,-,-,-,-,-,-,-,-,-,-,-,-
"특별법범",음반ㆍ비디오물 및 게임물에 관한법률,소계,317,316,99.7,334,267,67,319,313,98.1,322,235,87,429,434,101.2,451,382,69,511,515,100.8,551,455,96,382,394,103.1,449,376,73,475,471,99.2,541,500,41,1675,1695,101.2,1961,1623,338,4923,4917,99.9,5391,4363,1028,3368,3369,100.0,3787,2914,873,3267,3274,100.2,3552,2415,1137,3654,3663,100.2,3969,2749,1220,3598,3563,99.0,3382,2312,1070,3138,3048,97.1,3282,2584,698
"특별법범",의료기사 등에 관한법률,소계,-,-,-,-,-,-,41,40,97.6,41,38,3,12,12,100.0,17,16,1,6,5,83.3,5,4,1,1,1,100.0,1,1,-,1,1,100.0,2,2,-,2,1,50.0,6,6,-,13,15,115.4,36,32,4,18,18,100.0,43,30,13,-,-,-,-,-,-,-,-,-,-,-,-,-,-,-,-,-,-,-,-,-,-,-,-
"특별법범",의료법,소계,177,182,102.8,199,155,44,136,132,97.1,148,112,36,91,90,98.9,139,121,18,81,78,96.3,106,79,27,106,105,99.1,146,112,34,108,110,101.9,150,97,53,207,199,96.1,324,215,109,210,201,95.7,319,172,147,272,269,98.9,433,280,153,363,360,99.1,469,294,175,371,367,98.9,621,363,258,628,626,99.6,683,356,327,561,542,96.6,724,516,208
"특별법범",의장법,소계,-,-,-,-,-,-,-,-,-,-,-,-,-,-,-,-,-,-,-,-,-,-,-,-,-,-,-,-,-,-,-,-,-,-,-,-,-,-,-,-,-,-,96,80,83.3,93,87,6,108,90,83.3,120,103,17,95,84,88.4,105,88,17,84,79,94.0,113,107,6,-,-,-,-,-,-,-,-,-,-,-,-
"특별법범",인장업법,소계,-,-,-,-,-,-,12,12,100.0,14,13,1,13,14,107.7,15,14,1,13,12,92.3,12,11,1,12,12,100.0,14,11,3,13,12,92.3,12,11,1,-,-,-,-,-,-,-,-,-,-,-,-,-,-,-,-,-,-,-,-,-,-,-,-,-,-,-,-,-,-,-,-,-,-,-,-,-,-,-,-,-,-
"특별법범",임대주택법,소계,-,-,-,-,-,-,48,38,79.2,44,32,12,1,3,300.0,3,1,2,-,-,-,-,-,-,-,-,-,-,-,-,-,1,-,1,-,1,-,-,-,-,-,-,-,-,-,-,-,-,-,-,-,-,-,-,-,-,-,-,-,-,-,-,-,-,-,-,-,-,-,-,-,-,-,-,-,-,-,-
"특별법범",자동차관리법,소계,11008,9574,87.0,10352,9675,677,16111,12918,80.2,13749,12495,1254,10086,9008,89.3,9796,8441,1355,8737,7234,82.8,7476,6833,643,6185,4838,78.2,5092,4652,440,8595,6290,73.2,6628,6007,621,11899,9461,79.5,9963,9077,886,9023,7288,80.8,7815,7098,717,10419,8630,82.8,9476,8520,956,5155,5814,112.7,6233,5706,527,1974,2170,109.9,2339,2082,257,2111,2021,95.7,1281,1144,137,2319,2065,89.0,2119,1981,138
"특별법범",자동차손해배상보장법,소계,-,-,-,-,-,-,254,264,103.9,289,284,5,243,246,101.2,251,240,11,254,253,99.6,259,250,9,1134,1105,97.4,1124,1082,42,447,414,92.6,422,388,34,2370,1265,53.4,1828,1678,150,1040,957,92.0,1008,903,105,744,755,101.4,793,678,115,105,141,134.2,149,126,23,63,51,80.9,56,48,8,47,36,76.6,21,17,4,27,37,137.0,43,42,1
"특별법범",자연공원법,소계,-,-,-,-,-,-,64,65,101.6,66,44,22,33,36,109.1,36,29,7,59,51,86.4,54,43,11,15,16,106.7,18,11,7,28,29,103.6,31,21,10,46,45,97.8,45,33,12,55,56,101.8,56,39,17,27,27,100.0,27,18,9,13,14,107.6,18,13,5,40,39,97.5,39,27,12,13,17,130.7,9,8,1,8,10,125.0,10,9,1
"특별법범",장사 등에 관한법률,소계,-,-,-,-,-,-,13,17,130.8,19,18,1,7,8,114.3,8,7,1,10,11,110.0,11,9,2,12,13,108.3,14,14,-,13,12,92.3,15,13,2,29,32,110.3,36,31,5,19,21,110.5,26,24,2,17,16,94.1,18,17,1,-,-,-,-,-,-,-,-,-,-,-,-,-,-,-,-,-,-,-,-,-,-,-,-
"특별법범",저작권법,소계,751,429,57.1,456,376,80,1030,777,75.4,806,594,212,1383,1092,79.0,1274,785,489,1347,984,73.1,1017,703,314,1066,759,71.2,828,530,298,1433,922,64.3,1007,660,347,1395,979,70.2,1109,727,382,1145,780,68.1,917,589,328,1032,662,64.1,791,528,263,1357,879,64.7,1054,746,308,1370,984,71.8,1364,984,380,1955,1148,58.7,758,519,239,2698,1526,56.5,1673,1359,314
"특별법범",전기공사업법,소계,-,-,-,-,-,-,2,2,100.0,3,3,-,2,2,100.0,4,4,-,1,2,200.0,3,3,-,3,4,133.3,4,4,-,3,2,66.7,3,3,-,-,-,-,-,-,-,-,-,-,-,-,-,-,-,-,-,-,-,-,-,-,-,-,-,-,-,-,-,-,-,-,-,-,-,-,-,-,-,-,-,-,-
"특별법범",전기사업법,소계,125,125,100.0,126,114,12,126,124,98.4,134,131,3,88,87,98.9,88,81,7,35,32,91.4,44,40,4,81,82,101.2,93,86,7,22,23,104.5,23,21,2,19,18,94.7,22,21,1,-,-,-,-,-,-,-,-,-,-,-,-,11,10,90.9,10,10,-,12,13,108.3,17,13,4,8,15,187.5,8,5,3,5,9,180.0,9,9,-
"특별법범",전기용품안전관리법,소계,-,-,-,-,-,-,-,-,-,-,-,-,-,-,-,-,-,-,-,-,-,-,-,-,-,-,-,-,-,-,-,-,-,-,-,-,-,-,-,-,-,-,39,42,107.7,48,45,3,17,16,94.1,30,26,4,-,-,-,-,-,-,-,-,-,-,-,-,-,-,-,-,-,-,-,-,-,-,-,-
"특별법범",전기통신기본법,소계,-,-,-,-,-,-,-,-,-,-,-,-,-,-,-,-,-,-,-,-,-,-,-,-,-,-,-,-,-,-,-,-,-,-,-,-,-,-,-,-,-,-,-,-,-,-,-,-,-,-,-,-,-,-,15,12,80.0,13,10,3,19,19,100.0,35,33,2,9,8,88.8,7,5,2,6,7,116.6,7,4,3
"특별법범",전기통신사업법,소계,-,-,-,-,-,-,-,-,-,-,-,-,-,-,-,-,-,-,-,-,-,-,-,-,-,-,-,-,-,-,-,-,-,-,-,-,-,-,-,-,-,-,-,-,-,-,-,-,-,-,-,-,-,-,103,104,100.9,117,81,36,62,58,93.5,63,50,13,46,45,97.8,41,28,13,46,37,80.4,45,36,9
"특별법범",전염병예방법,소계,-,-,-,-,-,-,-,-,-,-,-,-,4,3,75.0,3,-,3,-,-,-,-,-,-,1,1,100.0,1,-,1,2,2,100.0,2,2,-,13,13,100.0,14,11,3,2,2,100.0,2,2,-,17,17,100.0,19,12,7,16,15,93.7,15,9,6,11,11,100.0,11,4,7,-,-,-,-,-,-,1,1,100.0,1,1,-
"특별법범",전투경찰대설치법,소계,-,-,-,-,-,-,51,17,33.3,17,17,-,35,30,85.7,30,30,-,34,30,88.2,30,30,-,35,34,97.1,34,34,-,34,30,88.2,30,30,-,37,30,81.1,30,30,-,27,21,77.8,21,21,-,51,42,82.3,42,42,-,34,35,102.9,35,35,-,28,27,96.4,27,27,-,53,37,69.8,23,23,-,29,14,48.2,14,14,-
"특별법범",전파법,소계,-,-,-,-,-,-,123,24,104.3,25,24,1,9,9,100.0,12,12,-,2,1,50.0,1,1,-,11,11,100.0,15,14,1,-,-,-,-,-,-,12,12,100.0,19,19,-,4,4,100.0,14,14,-,5,4,80.0,7,6,1,7,7,100.0,21,20,1,16,15,93.7,35,34,1,17,18,105.8,62,55,7,39,36,92.3,70,68,2
"특별법범",정보통신공사업법,소계,-,-,-,-,-,-,-,-,-,-,-,-,-,-,-,-,-,-,-,-,-,-,-,-,-,-,-,-,-,-,-,-,-,-,-,-,-,-,-,-,-,-,5,5,100.0,6,6,-,6,6,100.0,10,9,1,-,-,-,-,-,-,-,-,-,-,-,-,-,-,-,-,-,-,-,-,-,-,-,-
"특별법범",정보통신망 이용촉진 등에 관한법률,소계,-,-,-,-,-,-,-,-,-,-,-,-,-,-,-,-,-,-,-,-,-,-,-,-,-,-,-,-,-,-,-,-,-,-,-,-,4,4,100.0,4,4,-,-,-,-,-,-,-,-,-,-,-,-,-,714,631,88.3,812,688,124,947,745,78.6,981,781,200,1071,839,78.3,805,637,168,1327,1379,103.9,1603,1411,192
"특별법범",정치자금법,소계,-,-,-,-,-,-,-,-,-,-,-,-,-,-,-,-,-,-,-,-,-,-,-,-,-,-,-,-,-,-,-,-,-,-,-,-,-,-,-,-,-,-,-,-,-,-,-,-,-,-,-,-,-,-,1,1,100.0,1,1,-,2,3,150.0,5,4,1,3,3,100.0,5,3,2,2,2,100.0,3,3,-
"특별법범",조세범 처벌법,소계,36,25,69.4,27,24,3,75,47,62.7,47,42,5,35,32,91.4,38,33,5,23,26,113.0,26,24,2,325,217,66.8,219,195,24,254,185,72.8,215,185,30,632,364,57.6,430,383,47,359,261,72.7,416,385,31,576,381,66.1,528,490,38,775,544,70.1,654,587,67,904,741,81.9,1006,879,127,1779,1123,63.1,776,689,87,2135,1456,68.2,1674,1550,124
"특별법범",조수보호 및 수렵에 관한법률,소계,21,14,66.7,18,17,1,6,5,83.3,7,7,-,4,4,100.0,6,6,-,3,3,100.0,3,3,-,9,9,100.0,15,14,1,-,-,-,-,-,-,4,4,100.0,6,5,1,10,10,100.0,10,8,2,12,11,91.6,18,18,-,10,10,100.0,13,11,2,18,18,100.0,28,28,-,4,14,350.0,29,28,1,-,28,-,51,51,-
"특별법범",주민등록법,소계,67,69,103.0,87,70,17,37,33,89.2,34,16,18,30,29,96.7,32,17,15,22,23,104.5,23,15,8,130,115,88.5,134,95,39,68,64,94.1,98,47,51,30,29,96.7,33,17,16,27,22,81.5,29,12,17,41,46,112.2,51,33,18,68,63,92.6,80,56,24,67,63,94.0,85,63,22,77,58,75.3,47,22,25,83,82,98.8,91,67,24
"특별법범",주차장법,소계,367,343,93.5,390,322,68,703,678,96.4,803,672,131,555,534,96.2,654,535,119,224,216,96.4,276,230,46,282,276,97.9,348,268,80,474,460,97.0,627,496,131,276,258,93.5,324,254,70,354,347,98.0,473,353,120,533,513,96.2,634,485,149,360,360,100.0,460,328,132,596,578,96.9,718,508,210,606,580,95.7,375,264,111,533,484,90.8,514,431,83
"특별법범",주택건설촉진법,소계,-,-,-,-,-,-,182,179,98.4,249,207,42,169,173,102.4,224,207,17,103,103,100.0,160,144,16,133,133,100.0,192,177,15,342,319,93.3,363,312,51,139,141,101.4,298,260,38,150,144,96.0,243,221,22,73,74,101.3,150,139,11,84,85,101.1,149,130,19,130,127,97.6,168,136,32,92,92,100.0,66,52,14,1,2,200.0,2,2,-
"특별법범",중기관리법,소계,1667,1443,86.6,1618,1556,62,251,220,87.6,255,250,5,1,9,900.0,11,9,2,2,3,150.0,3,3,-,1,1,100.0,1,1,-,2,2,100.0,2,2,-,-,-,-,-,-,-,-,-,-,-,-,-,-,-,-,-,-,-,-,-,-,-,-,-,-,-,-,-,-,-,-,-,-,-,-,-,-,-,-,-,-,-
"특별법범",증권거래법,소계,-,-,-,-,-,-,2,2,100.0,2,2,-,6,6,100.0,6,6,-,10,9,90.0,11,10,1,4,5,125.0,6,5,1,40,39,97.5,50,48,2,46,40,87.0,48,46,2,40,39,97.5,60,57,3,63,63,100.0,121,116,5,37,32,86.4,42,39,3,36,34,94.4,50,47,3,15,15,100.0,12,11,1,25,18,72.0,50,48,2
"특별법범",지방세법,소계,-,-,-,-,-,-,4,3,75.0,3,3,-,2,3,150.0,3,3,-,1,1,100.0,1,1,-,126,95,75.4,95,80,15,42,45,107.1,45,36,9,96,74,77.1,75,65,10,65,65,100.0,65,54,11,88,62,70.4,63,50,13,211,146,69.1,148,128,20,108,107,99.0,154,92,62,51,48,94.1,25,19,6,22,21,95.4,21,21,-
"특별법범",지하수법,소계,-,-,-,-,-,-,-,-,-,-,-,-,-,-,-,-,-,-,-,-,-,-,-,-,-,-,-,-,-,-,-,-,-,-,-,-,-,-,-,-,-,-,-,-,-,-,-,-,-,-,-,-,-,-,4,4,100.0,6,6,-,4,7,175.0,9,7,2,4,4,100.0,5,4,1,5,6,120.0,6,6,-
"특별법범",직업안정 및 고용촉진에 관한법률,소계,-,-,-,-,-,-,52,55,105.8,66,52,14,3,6,200.0,7,5,2,2,2,100.0,2,2,-,3,3,100.0,7,7,-,2,1,50.0,1,-,1,-,-,-,-,-,-,-,-,-,-,-,-,-,-,-,-,-,-,-,-,-,-,-,-,-,-,-,-,-,-,-,-,-,-,-,-,-,-,-,-,-,-
"특별법범",직업안정법,소계,271,394,145.4,451,333,118,55,56,101.8,82,66,16,216,222,102.8,275,219,56,282,290,102.8,367,308,59,191,192,100.5,306,251,55,109,119,109.2,169,133,36,119,123,103.4,202,150,52,143,148,103.5,255,192,63,194,199,102.5,346,262,84,119,123,103.3,213,150,63,95,104,109.4,230,161,69,206,193,93.6,484,306,178,190,185,97.3,351,248,103
"특별법범",집회 및 시위에 관한법률,소계,104,105,101.0,267,225,42,72,63,87.5,95,86,9,121,117,96.7,176,146,30,3225,3226,100.0,8923,5203,3720,887,875,98.6,1621,1193,428,686,688,100.3,2100,1469,631,974,964,99.0,2992,2536,456,523,471,90.1,3986,3736,250,381,398,104.4,3596,3055,541,405,404,99.7,2399,2172,227,325,315,96.9,2094,1919,175,370,353,95.4,602,520,82,558,527,94.4,856,729,127
"특별법범",철도법,소계,-,-,-,-,-,-,-,-,-,-,-,-,-,-,-,-,-,-,-,-,-,-,-,-,-,-,-,-,-,-,-,-,-,-,-,-,-,-,-,-,-,-,-,-,-,-,-,-,-,-,-,-,-,-,226,228,100.8,235,197,38,536,525,97.9,537,435,102,820,795,96.9,696,529,167,410,380,92.6,384,319,65
"특별법범",청소년보호법,소계,292,308,105.5,322,234,88,117,109,93.2,119,86,33,201,204,101.5,209,134,75,249,242,97.2,255,165,90,279,279,100.0,285,197,88,182,178,97.8,189,126,63,58,58,100.0,63,42,21,2,1,50.0,1,-,1,1,-,-,-,-,-,3667,3692,100.6,3999,2105,1894,3013,3045,101.0,3359,1760,1599,2084,2077,99.6,2063,984,1079,1533,1405,91.6,1606,984,622
"특별법범",청소년의성보호에 관한법률,소계,-,-,-,-,-,-,-,-,-,-,-,-,-,-,-,-,-,-,-,-,-,-,-,-,-,-,-,-,-,-,-,-,-,-,-,-,-,-,-,-,-,-,-,-,-,-,-,-,-,-,-,-,-,-,504,544,107.9,766,717,49,639,753,117.8,1110,1029,81,840,941,112.0,1292,1179,113,496,529,106.6,894,814,80
"특별법범",체육시설의 설치ㆍ이용에 관한 법률,소계,-,-,-,-,-,-,69,67,97.1,70,62,8,95,93,97.9,101,80,21,116,117,100.9,124,109,15,91,90,98.9,95,83,12,140,139,99.3,145,129,16,308,315,102.3,321,259,62,529,531,100.4,551,441,110,291,288,98.9,301,233,68,118,116,98.3,117,90,27,91,90,98.9,94,77,17,77,76,98.7,59,48,11,47,47,100.0,49,46,3
"특별법범",총포·도검·화약류등단속법,소계,76,73,96.1,90,84,6,99,99,100.0,127,120,7,78,82,105.1,90,89,1,146,147,100.7,171,162,9,94,112,119.1,141,131,10,80,78,97.5,103,95,8,55,60,109.1,69,66,3,69,69,100.0,95,90,5,57,63,110.5,90,86,4,62,67,108.0,87,84,3,240,205,85.4,279,266,13,53,89,167.9,161,158,3,48,45,93.7,60,54,6
"특별법범",축산물가공처리법,소계,17,21,123.5,23,19,4,58,59,101.7,79,70,9,16,19,118.8,33,30,3,14,14,100.0,29,26,3,22,22,100.0,26,23,3,12,14,116.7,16,12,4,76,75,98.7,87,69,18,289,292,101.0,342,258,84,482,485,100.6,510,395,115,218,220,100.9,257,199,58,158,159,100.6,175,128,47,119,134,112.6,120,70,50,182,191,104.9,196,154,42
"특별법범",출입국관리법,소계,-,-,-,-,-,-,2,1,50.0,1,1,-,6,8,133.3,10,9,1,8,7,87.5,12,10,2,22,22,100.0,25,17,8,50,48,96.0,51,39,12,26,24,92.3,26,21,5,35,33,94.3,36,27,9,91,79,86.8,84,58,26,47,45,95.7,56,36,20,61,58,95.0,84,56,28,83,79,95.1,43,33,10,251,232,92.4,254,197,57
"특별법범",컴퓨터프로그램보호법,소계,-,-,-,-,-,-,5,3,60.0,4,4,-,10,11,110.0,18,16,2,11,10,90.9,12,12,-,178,173,97.2,187,165,22,65,58,89.2,86,83,3,441,429,97.3,453,405,48,150,115,76.7,147,137,10,327,285,87.1,369,342,27,274,224,81.7,268,250,18,206,174,84.4,226,209,17,356,343,96.3,855,683,172,419,310,73.9,341,302,39
"특별법범",통신비밀보호법,소계,-,-,-,-,-,-,-,-,-,-,-,-,-,-,-,-,-,-,-,-,-,-,-,-,-,-,-,-,-,-,-,-,-,-,-,-,-,-,-,-,-,-,20,24,120.0,27,21,6,28,28,100.0,52,47,5,17,14,82.3,26,20,6,19,18,94.7,30,22,8,9,8,88.8,9,7,2,35,37,105.7,66,64,2
"특별법범",특가법,소계,-,-,-,-,-,-,-,-,-,-,-,-,-,-,-,-,-,-,-,-,-,-,-,-,-,-,-,-,-,-,-,-,-,-,-,-,-,-,-,-,-,-,4472,3596,80.4,4908,4566,342,6845,7549,110.2,11749,11246,503,-,-,-,-,-,-,-,-,-,-,-,-,-,-,-,-,-,-,-,-,-,-,-,-
"특별법범",특가법(도주차량),소계,3435,3083,89.8,6237,6106,131,2753,2247,81.6,3221,3034,187,2435,1947,80.0,2194,2077,117,3092,2402,77.7,2914,2777,137,2913,2152,73.9,2428,2274,154,3404,2417,71.0,2615,2437,178,3546,2650,74.7,3224,2940,284,-,-,-,-,-,-,-,-,-,-,-,-,2342,1639,69.9,1679,1559,120,2552,1800,70.5,1832,1706,126,1822,1432,78.5,423,385,38,1925,1341,69.6,1357,1329,28
"특별법범",특경법,소계,-,-,-,-,-,-,112,82,73.2,144,123,21,145,132,91.0,239,212,27,127,129,101.6,211,188,23,151,149,98.7,237,212,25,194,170,87.6,320,291,29,184,178,96.7,306,271,35,206,196,95.1,495,448,47,257,265,103.1,514,429,85,-,-,-,-,-,-,-,-,-,-,-,-,-,-,-,-,-,-,-,-,-,-,-,-
"특별법범",특허법,소계,-,-,-,-,-,-,12,13,108.3,19,19,-,15,13,86.7,18,18,-,20,20,100.0,31,30,1,22,19,86.4,26,26,-,43,37,86.0,67,59,8,41,41,100.0,53,51,2,44,38,86.4,64,60,4,62,57,91.9,78,68,10,61,56,91.8,80,76,4,59,50,84.7,91,55,36,66,64,96.9,39,34,5,90,75,83.3,96,88,8
"특별법범",폐기물관리법,소계,-,-,-,-,-,-,151,151,100.0,213,210,3,303,300,99.0,412,400,12,265,249,94.0,365,349,16,328,333,101.5,469,452,17,259,254,98.1,348,340,8,161,163,101.2,207,199,8,430,455,105.8,620,604,16,360,374,103.8,594,580,14,129,134,103.8,181,175,6,74,73,98.6,103,97,6,38,53,139.4,35,33,2,19,30,157.8,42,40,2
"특별법범",폭력행위 등(단체등의 구성·활동),소계,-,-,-,-,-,-,-,-,-,-,-,-,-,-,-,-,-,-,-,-,-,-,-,-,-,-,-,-,-,-,-,-,-,-,-,-,-,-,-,-,-,-,-,-,-,-,-,-,-,-,-,-,-,-,-,-,-,-,-,-,-,-,-,-,-,-,-,-,-,-,-,-,-,-,-,-,-,-
"특별법범",폭력행위 등 처벌에 관한법률,소계,52363,56414,107.7,105537,95947,9590,51193,50568,98.8,92221,82881,9340,48782,48088,98.6,90926,81300,9626,48743,48393,99.3,91742,80498,11244,49658,49313,99.3,92589,81734,10855,56757,56264,99.1,97615,87467,10148,70853,70520,99.5,119201,105248,13953,79837,75481,94.5,133571,118092,15479,80698,74215,91.9,132916,116142,16774,-,-,-,-,-,-,-,-,-,-,-,-,-,-,-,-,-,-,-,-,-,-,-,-
"특별법범",풍속영업의 규제에 관한법률,소계,-,-,-,-,-,-,2341,2305,98.5,2422,1744,678,2022,2040,100.9,2150,1515,635,2163,2189,101.2,2314,1575,739,2099,2125,101.2,2238,1498,740,3374,3369,99.9,3522,2393,1129,1414,1439,101.8,1583,1085,498,-,-,-,-,-,-,-,-,-,-,-,-,262,267,101.9,639,294,345,204,207,101.4,483,215,268,103,103,100.0,187,81,106,18,16,88.8,26,16,10
"특별법범",하천법,소계,57,48,84.2,61,57,4,26,26,100.0,29,29,-,19,18,94.7,22,20,2,25,28,112.0,28,27,1,20,18,90.0,25,24,1,28,26,92.9,37,35,2,6,6,100.0,8,8,-,15,16,106.7,19,16,3,14,14,100.0,20,15,5,8,10,125.0,11,11,-,17,19,111.7,40,40,-,5,8,160.0,3,3,-,36,30,83.3,30,29,1
"특별법범",학교보건법,소계,-,-,-,-,-,-,-,-,-,-,-,-,-,-,-,-,-,-,-,-,-,-,-,-,-,-,-,-,-,-,-,-,-,-,-,-,-,-,-,-,-,-,-,-,-,-,-,-,-,-,-,-,-,-,242,239,98.7,248,154,94,246,237,96.3,247,170,77,165,159,96.3,96,62,34,432,413,95.6,415,352,63
"특별법범",학원의설립·운영에관한법률,소계,746,889,119.2,975,597,378,223,229,102.7,258,207,51,94,90,95.7,93,69,24,113,110,97.3,126,89,37,68,65,95.6,68,45,23,145,140,96.6,151,93,58,209,207,99.0,228,130,98,77,76,98.7,86,57,29,31,30,96.7,47,32,15,-,-,-,-,-,-,-,-,-,-,-,-,-,-,-,-,-,-,-,-,-,-,-,-
"특별법범",한국마사회법,소계,-,-,-,-,-,-,22,23,104.5,62,61,1,3,4,133.3,32,29,3,3,3,100.0,18,17,1,1,1,100.0,5,5,-,-,-,-,-,-,-,-,1,-,7,6,1,2,2,100.0,19,18,1,4,4,100.0,16,16,-,-,-,-,-,-,-,-,-,-,-,-,-,-,-,-,-,-,-,-,-,-,-,-,-
"특별법범",항만법,소계,-,-,-,-,-,-,-,-,-,-,-,-,-,-,-,-,-,-,-,-,-,-,-,-,-,-,-,-,-,-,-,-,-,-,-,-,-,-,-,-,-,-,-,-,-,-,-,-,-,-,-,-,-,-,-,-,-,-,-,-,-,-,-,-,-,-,-,-,-,-,-,-,-,-,-,-,-,-
"특별법범",항만운송사업법,소계,-,-,-,-,-,-,-,-,-,-,-,-,-,-,-,-,-,-,-,-,-,-,-,-,-,-,-,-,-,-,-,-,-,-,-,-,-,-,-,-,-,-,-,-,-,-,-,-,-,-,-,-,-,-,-,-,-,-,-,-,-,-,-,-,-,-,-,-,-,-,-,-,-,-,-,-,-,-
"특별법범",해양오염방지법,소계,-,-,-,-,-,-,-,-,-,-,-,-,-,-,-,-,-,-,-,-,-,-,-,-,-,-,-,-,-,-,-,-,-,-,-,-,-,-,-,-,-,-,-,-,-,-,-,-,-,-,-,-,-,-,-,-,-,-,-,-,-,-,-,-,-,-,-,-,-,-,-,-,-,-,-,-,-,-
"특별법범",향토예비군설치법,소계,22983,21348,92.9,22417,22331,86,15390,13994,90.9,14023,13990,33,10503,9507,90.5,9648,9492,156,9122,7274,79.7,7286,7267,19,9872,7765,78.7,7781,7756,25,8383,6903,82.3,6916,6888,28,6048,5786,95.7,5809,5797,12,5783,4084,70.6,4109,4082,27,6920,5187,74.9,5207,5183,24,6536,5539,84.7,5547,5526,21,7320,5356,73.1,5365,5348,17,7118,5314,74.6,2919,2911,8,6142,4700,76.5,4738,4733,5
"특별법범",화염병사용 등의 처벌에 관한법률,소계,9,9,100.0,9,9,-,-,-,-,-,-,-,-,-,-,-,-,-,-,-,-,-,-,-,-,-,-,-,-,-,-,-,-,-,-,-,-,-,-,-,-,-,-,-,-,-,-,-,-,-,-,-,-,-,-,-,-,-,-,-,-,-,-,-,-,-,-,-,-,-,-,-,-,-,-,-,-,-
"특별법범",화재보험법,소계,-,-,-,-,-,-,-,-,-,-,-,-,-,-,-,-,-,-,-,-,-,-,-,-,-,-,-,-,-,-,-,-,-,-,-,-,-,-,-,-,-,-,-,-,-,-,-,-,-,-,-,-,-,-,-,-,-,-,-,-,-,-,-,-,-,-,-,-,-,-,-,-,30,5,16.6,5,5,-
"특별법범",화재로인한 재해보상등에 관한법률,소계,-,-,-,-,-,-,-,-,-,-,-,-,-,-,-,-,-,-,-,-,-,-,-,-,-,-,-,-,-,-,-,-,-,-,-,-,-,-,-,-,-,-,-,-,-,-,-,-,-,-,-,-,-,-,1,-,-,-,-,-,-,-,-,-,-,-,139,4,2.8,2,2,-,-,-,-,-,-,-
"특별법범",기타 특별법,소계,6723,6739,100.2,7898,6588,1310,483,444,91.9,575,497,78,1260,920,73.0,1340,1119,221,1055,944,89.5,1334,1086,248,2727,2670,97.9,3199,2478,721,4940,4841,98.0,5713,4011,1702,6368,6463,101.5,7769,5776,1993,7399,7388,99.9,9348,6040,3308,8743,8757,100.1,11577,7450,4127,742,694,93.5,1119,979,140,1090,1076,98.7,1743,1440,303,3489,3039,87.1,2818,2351,467,3159,3248,102.8,4150,3614,536
