"죄종별(1)",죄종별(2),2011,2011,2011,2011,2011,2011,2011,2011,2011,2011,2011,2011,2011,2011,2011,2011,2011,2011,2011,2011,2011,2011,2011,2011,2011,2011,2011,2011,2011,2011,2011,2011,2011,2011,2011,2012,2012,2012,2012,2012,2012,2012,2012,2012,2012,2012,2012,2012,2012,2012,2012,2012,2012,2012,2012,2012,2012,2012,2012,2012,2012,2012,2012,2012,2012,2012,2012,2012,2012,2012,2013,2013,2013,2013,2013,2013,2013,2013,2013,2013,2013,2013,2013,2013,2013,2013,2013,2013,2013,2013,2013,2013,2013,2013,2013,2013,2013,2013,2013,2013,2013,2013,2013,2013,2013,2014,2014,2014,2014,2014,2014,2014,2014,2014,2014,2014,2014,2014,2014,2014,2014,2014,2014,2014,2014,2014,2014,2014,2014,2014,2014,2014,2014,2014,2014,2014,2014,2014,2014,2014,2015,2015,2015,2015,2015,2015,2015,2015,2015,2015,2015,2015,2015,2015,2015,2015,2015,2015,2015,2015,2015,2015,2015,2015,2015,2015,2015,2015,2015,2015,2015,2015,2015,2015,2015,2016,2016,2016,2016,2016,2016,2016,2016,2016,2016,2016,2016,2016,2016,2016,2016,2016,2016,2016,2016,2016,2016,2016,2016,2016,2016,2016,2016,2016,2016,2016,2016,2016,2016,2016,2017,2017,2017,2017,2017,2017,2017,2017,2017,2017,2017,2017,2017,2017,2017,2017,2017,2017,2017,2017,2017,2017,2017,2017,2017,2017,2017,2017,2017,2017,2017,2017,2017,2017,2017,2018,2018,2018,2018,2018,2018,2018,2018,2018,2018,2018,2018,2018,2018,2018,2018,2018,2018,2018,2018,2018,2018,2018,2018,2018,2018,2018,2018,2018,2018,2018,2018,2018,2018,2018,2019,2019,2019,2019,2019,2019,2019,2019,2019,2019,2019,2019,2019,2019,2019,2019,2019,2019,2019,2019,2019,2019,2019,2019,2019,2019,2019,2019,2019,2019,2019,2019,2019,2019,2019,2020,2020,2020,2020,2020,2020,2020,2020,2020,2020,2020,2020,2020,2020,2020,2020,2020,2020,2020,2020,2020,2020,2020,2020,2020,2020,2020,2020,2020,2020,2020,2020,2020,2020,2020,2021,2021,2021,2021,2021,2021,2021,2021,2021,2021,2021,2021,2021,2021,2021,2021,2021,2021,2021,2021,2021,2021,2021,2021,2021,2021,2021,2021,2021,2021,2021,2021,2021,2021,2021,2022,2022,2022,2022,2022,2022,2022,2022,2022,2022,2022,2022,2022,2022,2022,2022,2022,2022,2022,2022,2022,2022,2022,2022,2022,2022,2022,2022,2022,2022,2022,2022,2022,2022,2022
"죄종별(1)",죄종별(2),계,아파트 연립다세대,단독주택,고속도로,노상,백화점,슈퍼마켓,편의점,대형할인매장,상점,시장노점,숙박업소 목욕탕,유흥접객업소,사무실,공장,공사장광산,창고,역대합실,지하철,기타교통수단내,흥행장,유원지,학교,금융기관,의료기관,종교기관,산야,해상,부대,구금장소,공지,주차장,공중화장실,PC방,기타,계,아파트 연립다세대,단독주택,고속도로,노상,백화점,슈퍼마켓,편의점,대형할인매장,상점,시장노점,숙박업소 목욕탕,유흥접객업소,사무실,공장,공사장광산,창고,역대합실,지하철,기타교통수단내,흥행장,유원지,학교,금융기관,의료기관,종교기관,산야,해상,부대,구금장소,공지,주차장,공중화장실,PC방,기타,계,아파트 연립다세대,단독주택,고속도로,노상,백화점,슈퍼마켓,편의점,대형할인매장,상점,시장노점,숙박업소 목욕탕,유흥접객업소,사무실,공장,공사장광산,창고,역대합실,지하철,기타교통수단내,흥행장,유원지,학교,금융기관,의료기관,종교기관,산야,해상,부대,구금장소,공지,주차장,공중화장실,PC방,기타,계,아파트 연립다세대,단독주택,고속도로,노상,백화점,슈퍼마켓,편의점,대형할인매장,상점,시장노점,숙박업소 목욕탕,유흥접객업소,사무실,공장,공사장광산,창고,역대합실,지하철,기타교통수단내,흥행장,유원지,학교,금융기관,의료기관,종교기관,산야,해상,부대,구금장소,공지,주차장,공중화장실,PC방,기타,계,아파트 연립다세대,단독주택,고속도로,노상,백화점,슈퍼마켓,편의점,대형할인매장,상점,시장노점,숙박업소 목욕탕,유흥접객업소,사무실,공장,공사장광산,창고,역대합실,지하철,기타교통수단내,흥행장,유원지,학교,금융기관,의료기관,종교기관,산야,해상,부대,구금장소,공지,주차장,공중화장실,PC방,기타,계,아파트 연립다세대,단독주택,고속도로,노상,백화점,슈퍼마켓,편의점,대형할인매장,상점,시장노점,숙박업소 목욕탕,유흥접객업소,사무실,공장,공사장광산,창고,역대합실,지하철,기타교통수단내,흥행장,유원지,학교,금융기관,의료기관,종교기관,산야,해상,부대,구금장소,공지,주차장,공중화장실,PC방,기타,계,아파트 연립다세대,단독주택,고속도로,노상,백화점,슈퍼마켓,편의점,대형할인매장,상점,시장노점,숙박업소 목욕탕,유흥접객업소,사무실,공장,공사장광산,창고,역대합실,지하철,기타교통수단내,흥행장,유원지,학교,금융기관,의료기관,종교기관,산야,해상,부대,구금장소,공지,주차장,공중화장실,PC방,기타,계,아파트 연립다세대,단독주택,고속도로,노상,백화점,슈퍼마켓,편의점,대형할인매장,상점,시장노점,숙박업소 목욕탕,유흥접객업소,사무실,공장,공사장광산,창고,역대합실,지하철,기타교통수단내,흥행장,유원지,학교,금융기관,의료기관,종교기관,산야,해상,부대,구금장소,공지,주차장,공중화장실,PC방,기타,계,아파트 연립다세대,단독주택,고속도로,노상,백화점,슈퍼마켓,편의점,대형할인매장,상점,시장노점,숙박업소 목욕탕,유흥접객업소,사무실,공장,공사장광산,창고,역대합실,지하철,기타교통수단내,흥행장,유원지,학교,금융기관,의료기관,종교기관,산야,해상,부대,구금장소,공지,주차장,공중화장실,PC방,기타,계,아파트 연립다세대,단독주택,고속도로,노상,백화점,슈퍼마켓,편의점,대형할인매장,상점,시장노점,숙박업소 목욕탕,유흥접객업소,사무실,공장,공사장광산,창고,역대합실,지하철,기타교통수단내,흥행장,유원지,학교,금융기관,의료기관,종교기관,산야,해상,부대,구금장소,공지,주차장,공중화장실,PC방,기타,계,아파트 연립다세대,단독주택,고속도로,노상,백화점,슈퍼마켓,편의점,대형할인매장,상점,시장노점,숙박업소 목욕탕,유흥접객업소,사무실,공장,공사장광산,창고,역대합실,지하철,기타교통수단내,흥행장,유원지,학교,금융기관,의료기관,종교기관,산야,해상,부대,구금장소,공지,주차장,공중화장실,PC방,기타,계,아파트 연립다세대,단독주택,고속도로,노상,백화점,슈퍼마켓,편의점,대형할인매장,상점,시장노점,숙박업소 목욕탕,유흥접객업소,사무실,공장,공사장광산,창고,역대합실,지하철,기타교통수단내,흥행장,유원지,학교,금융기관,의료기관,종교기관,산야,해상,부대,구금장소,공지,주차장,공중화장실,PC방,기타
"계",소계,1752598,59344,85371,4942,709011,2055,6626,6941,3448,34555,12632,22667,100724,136437,13051,8504,3363,5867,2329,16866,2136,4376,5801,30858,10793,3197,8665,14124,4499,27,896,26021,1526,13233,391713,1793400,52509,77671,4254,689785,1987,5926,6995,3335,28977,10504,22209,84848,128343,12948,8036,2794,4075,1783,16404,2002,4717,7801,28095,9856,2895,7804,12280,4624,34,576,20637,1662,11153,515881,1857276,77667,106024,3659,827395,3146,10951,12259,3551,42924,16447,31710,123372,142511,13991,10967,4258,11361,2723,26222,2483,7097,8798,30709,11552,3789,9701,14870,5862,50,744,32775,3271,13387,241050,1778966,60265,79371,4305,786803,2480,7458,10863,2648,28373,10657,18240,88059,126828,10648,7551,2514,6619,2477,9998,1509,5618,5895,26212,10232,3185,8475,5377,4474,70,381,24999,1795,7543,407044,1861657,62187,82428,4481,814101,2534,7871,11047,2570,27573,9897,16451,80005,121264,10240,7221,3112,7525,3032,12143,1432,5989,5591,22402,9587,2919,8642,15779,3600,101,287,24331,1981,7790,465544,1849450,63578,74128,5111,840857,2614,7448,10780,2464,26906,9061,17939,78537,113617,8650,7539,2535,5180,2839,10199,1260,5677,5084,17904,9579,2691,8429,16266,3131,107,237,23259,2050,7177,456617,1662341,58288,64757,6992,726140,2466,6977,10780,2109,22449,8131,15958,74799,104893,8627,8028,1911,6066,3123,10644,1327,5203,5155,18682,9443,2753,8680,15460,2720,113,239,20936,2081,5339,421072,1580751,82841,81199,6714,644537,3546,9782,13548,3001,33272,13825,21980,112928,109388,8843,8700,2221,8527,3903,17454,1893,6770,6606,21032,11749,3561,9003,17106,2642,128,331,24795,4224,7485,277217,1611906,96879,84895,7762,625533,4155,11221,14355,3341,33591,14809,21813,114046,108077,8295,7870,2446,9735,3957,19256,2200,7288,7179,19867,11979,3263,9878,20287,2266,111,339,26356,4529,6917,297411,1587866,100386,79936,7358,603582,3471,12751,14697,3691,31629,12757,18739,99040,99958,7895,6804,2135,8156,3088,15955,1534,6071,4375,12128,10612,2259,9871,25483,733,119,253,27839,3852,5310,345399,1429826,106001,71347,8152,551630,2808,12965,15489,3912,30962,11232,17344,60838,77461,7105,5598,2041,8538,2946,14245,1261,5824,4983,6734,9144,1818,9579,16450,349,128,210,26553,3154,3652,329373,1482433,108301,69742,10233,501535,3047,14738,16435,4138,35593,11355,17055,79990,74327,6305,5813,3614,10367,3589,15778,1657,6521,6306,5977,8782,1828,9127,21215,1026,129,218,27321,3528,3585,393258
"강력범죄",소계,26699,2762,3238,19,4181,16,101,382,24,353,175,2801,1704,484,73,29,50,161,929,838,37,228,159,41,177,83,118,8,4,2,10,394,229,65,6824,25152,2408,2642,12,3686,9,64,343,18,251,119,2409,1471,436,54,32,33,183,474,757,37,216,183,19,154,66,95,7,5,-,9,280,207,60,8413,26962,3363,3429,13,5575,15,142,448,19,434,228,3580,2452,601,98,26,43,334,614,1418,67,325,261,32,266,91,126,10,4,6,11,350,290,74,2217,25277,2670,2787,17,4469,11,99,322,16,277,145,2454,2187,586,69,16,33,243,618,1043,57,271,273,20,242,88,94,4,7,3,5,285,161,59,5646,25334,2504,2703,23,4232,16,76,323,10,251,136,2336,2119,580,62,16,33,284,790,976,53,297,310,31,266,93,97,9,7,7,5,255,158,52,6224,25765,2545,2545,18,4183,12,81,266,10,271,159,2187,2400,586,71,28,26,299,787,1157,57,286,327,19,272,73,93,9,11,7,7,244,169,63,6497,27274,2759,2391,19,4199,20,75,306,14,291,122,2338,2585,529,72,27,33,367,1047,1143,75,287,375,27,277,81,64,11,15,7,3,224,138,51,7302,26787,3570,3017,21,3895,35,133,381,25,421,268,2927,4003,647,76,34,32,444,842,1490,107,296,388,31,310,92,78,217,17,12,5,260,190,69,2454,26476,3892,2725,18,3932,28,105,360,24,494,273,3082,4233,590,83,26,25,432,879,1470,115,301,384,18,397,87,93,7,14,12,7,225,168,73,1904,24332,3892,2710,11,3470,28,122,364,16,493,276,2861,3858,666,62,30,27,303,507,1344,97,240,224,27,396,73,59,12,18,13,2,233,143,61,1694,22476,4212,2707,21,3170,23,132,273,17,477,197,2810,2157,721,91,23,29,328,605,1093,95,244,286,13,438,52,64,8,13,8,3,188,134,38,1806,24954,4176,2529,14,3810,35,106,319,14,480,210,2801,3176,684,67,23,24,329,722,1226,101,305,373,26,353,58,70,9,21,11,3,230,142,49,2458
"강력범죄",살인기수,427,123,103,1,46,-,-,1,-,3,3,25,15,12,3,1,2,-,-,2,-,2,-,-,16,2,4,1,-,-,-,8,1,-,53,411,103,89,1,52,-,-,-,-,3,-,19,20,4,1,1,1,1,-,8,-,3,1,-,7,3,10,1,-,-,-,5,1,1,76,342,97,101,-,36,-,-,1,-,1,1,15,9,11,4,-,-,2,-,5,-,5,-,-,6,2,11,2,-,-,-,4,2,-,27,372,95,95,-,59,-,1,1,-,2,-,21,12,8,4,1,1,1,-,3,-,-,-,-,6,1,8,1,-,-,-,7,-,1,44,365,84,101,-,43,-,1,1,-,1,-,16,11,5,1,-,-,-,-,6,-,2,1,-,9,1,1,3,-,-,-,6,-,-,72,356,83,101,-,28,-,1,-,-,2,-,22,15,2,2,-,-,-,-,8,-,4,-,-,6,2,10,5,-,-,-,10,1,-,54,301,95,71,1,24,1,-,-,-,-,1,14,13,6,1,-,1,-,-,3,-,3,1,-,3,2,6,3,-,-,-,2,-,-,50,309,96,85,-,27,-,-,1,-,2,-,12,16,5,3,1,1,-,-,8,-,2,-,-,5,1,7,1,-,-,-,5,1,1,29,297,111,64,-,30,-,-,-,-,5,-,17,11,4,1,-,-,1,-,3,-,-,-,-,18,-,11,2,-,-,1,4,-,1,13,308,111,80,-,42,-,-,-,-,2,2,7,6,7,2,1,1,-,-,5,-,1,-,1,8,3,5,-,-,-,1,2,1,-,20,270,92,57,1,43,-,-,-,-,-,-,19,5,5,3,2,-,-,-,7,-,1,-,-,10,-,2,1,-,-,-,2,-,1,19,275,114,60,-,28,-,-,1,-,1,1,9,8,8,1,-,-,1,-,3,-,3,1,-,7,1,3,3,-,-,-,5,-,-,17
"강력범죄",살인미수등,777,97,163,-,171,-,-,2,1,12,7,16,65,20,5,1,2,-,-,19,2,7,1,-,10,5,2,3,-,-,-,11,2,1,152,584,88,74,2,112,-,3,3,-,3,3,10,36,30,3,-,-,2,-,12,-,4,2,1,4,1,5,-,-,-,1,10,-,-,175,587,104,130,2,143,-,3,1,-,11,1,18,64,22,3,2,-,2,-,16,1,4,2,-,6,1,3,1,-,-,2,8,-,-,37,541,90,102,3,126,-,-,1,-,3,4,16,25,14,4,-,1,4,-,9,-,2,2,-,6,2,6,1,-,-,-,5,-,2,113,564,92,88,-,134,-,2,-,-,7,4,8,31,16,1,-,1,1,-,9,-,7,2,-,5,3,4,2,-,-,-,11,2,-,134,558,79,88,1,128,-,1,-,-,3,3,7,34,17,3,1,2,2,-,5,-,5,1,1,8,2,5,1,-,-,-,15,1,-,145,524,85,90,1,112,-,1,-,-,2,-,20,27,15,2,-,1,1,-,4,-,2,-,1,6,1,1,2,-,-,-,7,1,-,142,488,117,107,1,101,-,3,3,1,5,2,16,42,21,2,3,2,2,-,9,2,2,1,1,12,2,2,-,1,-,1,4,1,-,22,482,116,110,-,114,-,-,3,-,1,1,10,38,9,4,1,-,2,-,8,-,9,1,-,7,1,6,1,-,-,-,13,-,2,25,416,99,92,-,96,-,1,1,1,6,3,10,30,16,1,-,-,1,-,2,-,3,-,-,8,1,2,3,-,-,-,11,1,-,28,388,116,67,1,87,-,3,3,-,3,1,11,28,11,2,3,-,1,-,1,-,1,1,-,9,1,2,-,-,-,-,7,1,-,28,427,123,85,-,105,-,1,-,1,4,-,5,24,13,2,-,1,1,-,8,-,2,-,1,6,1,3,-,-,-,-,5,2,1,33
"강력범죄",강도,3994,323,413,4,1078,5,57,291,10,125,24,195,257,111,12,3,6,15,3,62,4,29,14,21,4,11,16,-,-,1,1,102,16,20,761,2587,141,238,1,628,1,30,257,6,73,10,85,132,32,5,2,2,9,2,47,2,18,7,9,9,1,6,-,-,-,-,48,5,17,764,1980,169,222,1,630,1,41,246,4,69,19,101,142,50,1,2,3,3,-,44,3,12,6,13,13,11,8,-,-,3,1,45,10,11,96,1586,138,182,2,423,-,26,154,1,36,10,89,101,33,3,3,-,3,1,13,-,21,2,12,8,6,4,-,-,-,-,44,2,6,263,1446,97,143,3,408,1,11,157,3,31,7,109,85,32,5,2,1,2,1,23,-,7,2,16,2,4,12,-,-,-,-,32,4,5,241,1149,74,114,2,339,1,23,85,1,34,6,68,75,30,3,2,1,1,-,22,-,7,3,3,5,1,6,-,-,-,-,28,3,10,202,967,82,86,1,261,-,14,83,1,21,5,71,62,24,2,1,1,2,-,15,1,6,5,10,1,5,7,1,-,-,-,18,4,5,172,821,78,83,-,252,1,16,82,3,35,1,80,56,23,3,2,1,3,-,11,1,5,1,15,2,3,4,2,-,-,-,9,3,6,40,798,106,89,1,221,-,10,73,3,29,8,79,53,21,1,-,3,4,1,13,-,7,-,4,6,1,7,-,-,-,-,9,1,5,43,663,77,54,1,164,1,17,68,1,28,15,63,61,19,-,2,1,1,-,19,-,6,1,2,1,1,4,-,-,-,-,19,-,3,34,495,78,47,1,114,2,10,39,3,32,3,47,27,15,2,-,1,2,-,8,-,3,1,2,3,1,4,-,-,-,-,10,3,1,36,516,62,46,-,141,-,12,32,1,27,4,48,42,13,3,2,-,5,1,15,-,-,-,2,-,-,3,-,-,1,-,21,1,4,30
"강력범죄",강간・강제추행,19498,1882,2221,13,2658,11,38,87,13,154,110,2520,1283,276,29,15,23,144,923,736,31,165,124,12,130,52,73,2,4,1,7,204,203,41,5313,19670,1866,1963,8,2699,6,28,82,12,145,77,2271,1239,307,29,14,18,167,471,680,32,183,163,5,122,45,65,5,5,-,8,162,195,40,6558,-,-,-,-,-,-,-,-,-,-,-,-,-,-,-,-,-,-,-,-,-,-,-,-,-,-,-,-,-,-,-,-,-,-,-,-,-,-,-,-,-,-,-,-,-,-,-,-,-,-,-,-,-,-,-,-,-,-,-,-,-,-,-,-,-,-,-,-,-,-,-,-,-,-,-,-,-,-,-,-,-,-,-,-,-,-,-,-,-,-,-,-,-,-,-,-,-,-,-,-,-,-,-,-,-,-,-,-,-,-,-,-,-,-,-,-,-,-,-,-,-,-,-,-,-,-,-,-,-,-,-,-,-,-,-,-,-,-,-,-,-,-,-,-,-,-,-,-,-,-,-,-,-,-,-,-,-,-,-,-,-,-,-,-,-,-,-,-,-,-,-,-,-,-,-,-,-,-,-,-,-,-,-,-,-,-,-,-,-,-,-,-,-,-,-,-,-,-,-,-,-,-,-,-,-,-,-,-,-,-,-,-,-,-,-,-,-,-,-,-,-,-,-,-,-,-,-,-,-,-,-,-,-,-,-,-,-,-,-,-,-,-,-,-,-,-,-,-,-,-,-,-,-,-,-,-,-,-,-,-,-,-,-,-,-,-,-,-,-,-,-,-,-,-,-,-,-,-,-,-,-,-,-,-,-,-,-,-,-,-,-,-,-,-,-,-,-,-,-,-,-,-,-,-,-,-,-,-,-,-,-,-,-,-,-,-,-,-,-,-,-,-,-,-,-,-,-,-,-,-,-,-,-,-,-,-,-,-,-,-,-,-,-,-,-,-,-,-,-,-
"강력범죄",강간,-,-,-,-,-,-,-,-,-,-,-,-,-,-,-,-,-,-,-,-,-,-,-,-,-,-,-,-,-,-,-,-,-,-,-,-,-,-,-,-,-,-,-,-,-,-,-,-,-,-,-,-,-,-,-,-,-,-,-,-,-,-,-,-,-,-,-,-,-,-,5753,1070,1179,3,340,-,1,8,-,39,16,1869,314,79,5,4,5,2,-,140,4,41,28,1,24,13,40,1,-,1,3,70,72,6,375,5078,882,954,-,249,-,-,4,-,32,19,1447,281,58,4,2,12,3,-,122,6,37,21,1,24,21,34,-,2,-,3,52,42,3,763,5151,908,994,1,243,-,1,5,-,35,19,1364,255,62,3,-,5,2,-,124,1,30,28,1,18,22,26,-,-,-,2,57,46,6,893,5155,1027,938,3,199,1,1,3,-,27,13,1319,269,66,7,3,6,1,1,135,4,24,25,-,11,12,24,-,-,-,2,47,56,5,926,5223,1030,896,1,184,-,3,4,-,16,10,1411,224,38,2,4,2,3,-,115,-,24,26,1,13,14,9,-,-,-,3,48,47,2,1093,5293,1308,1074,-,160,2,2,3,1,39,17,1582,282,49,5,2,3,2,-,130,6,22,25,-,16,8,17,1,-,-,2,54,62,1,418,5310,1432,999,-,158,1,1,7,-,27,21,1687,297,42,5,2,4,-,-,135,4,25,16,-,15,14,8,-,1,-,1,37,59,2,310,5313,1516,958,3,157,-,-,5,-,42,15,1690,256,58,2,-,4,2,1,146,7,15,12,-,18,10,12,1,-,-,-,37,44,3,299,5263,1561,976,2,127,-,-,1,-,33,15,1692,158,41,2,1,5,1,-,136,2,17,16,-,15,8,8,-,1,-,1,20,43,4,377,5467,1616,880,-,158,-,2,3,-,33,19,1644,196,55,2,2,3,2,-,131,1,20,15,-,11,7,9,-,1,-,1,45,48,3,560
"강력범죄",유사강간,-,-,-,-,-,-,-,-,-,-,-,-,-,-,-,-,-,-,-,-,-,-,-,-,-,-,-,-,-,-,-,-,-,-,-,-,-,-,-,-,-,-,-,-,-,-,-,-,-,-,-,-,-,-,-,-,-,-,-,-,-,-,-,-,-,-,-,-,-,-,132,21,24,-,10,-,1,-,-,1,-,20,9,4,-,-,2,-,-,6,1,3,2,-,2,2,1,-,-,-,-,3,5,2,13,375,68,63,-,30,-,-,-,-,2,2,47,36,9,-,-,-,-,-,16,-,5,3,-,2,1,1,-,-,-,-,12,11,1,66,518,73,80,1,42,-,2,-,-,3,4,71,42,13,-,1,-,1,-,12,-,6,19,-,5,1,6,-,-,-,-,7,18,-,111,583,101,88,-,36,-,-,-,1,3,2,81,42,9,-,1,-,-,-,16,-,3,12,-,12,2,1,-,-,-,-,10,33,1,129,636,138,99,-,36,-,-,1,-,2,2,107,44,10,-,1,-,1,-,22,-,7,10,-,5,-,1,-,-,-,-,12,11,-,127,776,176,173,-,33,-,1,1,-,2,6,117,69,6,-,2,-,-,-,51,-,7,7,-,8,4,1,-,-,1,-,14,13,1,83,782,209,134,-,45,1,1,-,-,7,5,153,81,11,1,-,-,1,-,20,1,6,14,-,10,-,1,-,1,3,-,6,19,1,51,823,229,131,-,43,-,-,3,-,11,4,179,55,12,1,-,2,-,-,43,-,9,6,-,10,2,1,-,1,2,-,7,8,-,64,814,247,147,-,36,-,-,2,-,10,6,170,38,9,1,-,1,-,-,32,-,10,8,-,12,2,1,-,-,1,-,11,9,1,60,947,240,147,2,57,1,-,-,-,9,8,184,55,26,1,1,-,-,-,47,2,8,8,-,11,2,5,-,-,2,-,7,12,1,111
"강력범죄",강제추행,-,-,-,-,-,-,-,-,-,-,-,-,-,-,-,-,-,-,-,-,-,-,-,-,-,-,-,-,-,-,-,-,-,-,-,-,-,-,-,-,-,-,-,-,-,-,-,-,-,-,-,-,-,-,-,-,-,-,-,-,-,-,-,-,-,-,-,-,-,-,14778,1098,940,7,4030,11,87,183,14,264,137,1204,1774,370,52,9,10,315,613,1155,54,224,187,15,190,40,37,1,4,2,1,139,139,54,1418,14611,902,790,11,3324,9,66,158,13,175,75,671,1639,411,33,6,6,222,610,860,50,180,227,6,179,39,26,1,5,3,2,110,66,43,3693,15059,900,842,18,3121,15,56,157,5,152,89,656,1636,396,32,9,7,270,788,793,51,222,249,8,208,46,36,1,7,7,1,106,72,39,4064,16054,887,851,12,3218,9,55,176,7,187,117,612,1906,414,46,11,7,293,786,957,53,222,276,13,220,38,34,1,11,7,3,96,66,46,4417,17947,1060,840,15,3390,19,54,218,13,237,97,670,2170,406,46,8,14,359,1046,972,72,224,317,11,238,45,26,3,15,7,-,101,61,44,5149,17053,1347,1053,20,3071,32,110,285,19,309,211,1039,3456,490,40,12,12,432,840,1260,98,243,340,11,245,57,28,1,16,11,1,121,84,58,1701,17120,1477,934,17,3108,25,92,275,19,399,210,1039,3682,456,52,17,11,420,876,1285,107,239,338,12,327,61,27,3,12,9,-,114,70,59,1348,15344,1492,1012,7,2772,25,101,283,14,384,205,827,3383,507,43,17,11,296,505,1123,90,193,190,19,338,43,21,6,17,11,1,121,76,53,1158,13962,1761,1096,16,2602,21,117,226,14,378,153,803,1865,608,64,11,10,321,604,904,93,191,251,10,376,31,30,2,12,7,2,98,66,31,1188,15864,1619,983,11,3098,34,86,277,11,373,150,843,2803,529,44,12,9,313,720,1017,95,258,340,18,301,45,32,2,20,8,-,114,65,37,1597
"강력범죄",기타 강간·강제추행등,-,-,-,-,-,-,-,-,-,-,-,-,-,-,-,-,-,-,-,-,-,-,-,-,-,-,-,-,-,-,-,-,-,-,-,-,-,-,-,-,-,-,-,-,-,-,-,-,-,-,-,-,-,-,-,-,-,-,-,-,-,-,-,-,-,-,-,-,-,-,1647,425,474,-,92,-,1,5,-,9,3,299,56,16,2,-,-,3,-,40,3,16,20,-,18,4,9,-,-,-,2,11,40,1,98,991,234,280,-,48,-,2,3,-,9,5,137,28,6,-,-,4,2,2,17,-,9,13,1,1,2,4,-,-,-,-,8,16,1,159,558,97,164,-,37,-,1,-,-,4,1,82,13,4,-,-,1,-,-,9,1,6,3,-,2,6,2,-,-,-,-,6,14,1,104,408,86,93,-,33,-,-,-,-,3,4,59,16,2,-,-,-,-,-,10,-,2,6,-,1,2,4,-,-,-,1,4,5,-,77,304,64,80,-,17,-,2,-,-,3,-,31,9,1,-,-,-,-,-,9,1,8,5,-,3,-,3,-,-,-,-,1,8,-,59,356,96,92,-,24,-,-,-,-,2,5,53,13,5,-,-,-,1,-,15,-,4,5,-,2,3,2,-,-,-,-,2,8,2,22,325,88,96,-,15,-,1,-,-,6,1,49,12,-,-,-,1,-,1,3,-,5,6,-,2,3,4,-,-,-,-,2,8,1,21,237,77,64,-,15,-,-,1,-,-,1,39,11,-,-,-,-,-,-,1,-,-,4,-,-,-,1,-,-,-,-,3,4,-,16,238,78,71,-,8,-,1,1,-,2,1,28,8,1,-,-,-,-,-,3,-,1,2,-,1,1,2,-,-,-,-,4,3,-,22,225,71,54,-,16,-,-,-,-,2,2,27,12,4,-,-,1,-,-,3,-,3,4,-,2,-,-,-,-,-,-,1,6,-,17
"강력범죄",방화,2003,337,338,1,228,-,6,1,-,59,31,45,84,65,24,9,17,2,3,19,-,25,20,8,17,13,23,2,-,-,2,69,7,3,545,1900,210,278,-,195,2,3,1,-,27,29,24,44,63,16,15,12,4,1,10,3,8,10,4,12,16,9,1,-,-,-,55,6,2,840,1743,379,359,-,294,3,8,4,1,40,51,54,84,49,31,9,23,7,1,12,1,20,16,3,7,18,17,5,-,-,2,70,22,-,153,1723,261,321,1,210,2,4,1,2,18,30,26,65,47,21,4,9,8,5,3,1,17,5,-,16,16,11,1,-,-,-,47,24,2,545,1673,253,291,-,204,-,2,3,2,18,12,30,46,52,20,4,18,8,1,-,-,17,6,6,17,10,10,3,-,-,2,30,2,1,605,1502,208,272,-,202,1,-,2,1,12,14,19,43,46,10,10,10,2,-,4,-,19,4,2,9,14,9,2,-,-,1,34,4,1,547,1372,205,229,-,175,-,1,-,-,10,7,14,36,29,19,13,14,1,1,3,1,13,11,4,8,14,11,2,-,-,-,35,6,-,510,1691,352,350,-,227,-,1,6,1,27,26,28,69,48,23,12,13,4,2,6,-,11,9,4,20,14,17,212,-,-,1,51,18,-,139,1362,353,299,-,241,1,-,2,2,20,27,48,59,47,19,6,6,4,1,3,3,10,9,2,12,7,29,1,-,-,5,40,11,2,93,1228,291,319,-,181,2,3,3,-,20,31,46,56,47,13,10,8,3,1,5,-,13,11,5,13,13,13,2,-,-,-,33,9,2,75,1046,279,246,-,153,-,1,1,-,19,18,40,28,31,17,6,12,3,1,2,-,20,7,1,12,8,15,5,-,-,-,36,9,-,76,1233,331,274,1,207,-,5,6,1,31,26,41,36,36,14,6,10,7,1,2,3,11,5,5,15,2,15,4,-,-,2,32,8,3,93
"절도범죄",소계,281362,19657,26411,122,46213,1500,3875,2952,2947,11289,3094,8537,13686,6604,2909,3477,1927,803,569,3456,622,1033,2084,5666,2243,1428,2982,74,49,-,252,12518,336,2867,89180,290460,14800,20401,128,40448,1493,3475,2975,2757,9568,3131,10346,13331,4823,2139,2834,1493,902,577,3735,574,1533,3295,5519,2165,1134,2500,67,26,-,125,9786,463,3415,120502,288343,22706,30221,179,65598,2409,6400,5083,2992,16865,5237,15334,22647,6689,2658,4277,2199,1663,796,5953,921,2636,4251,7967,3172,1678,3721,54,20,1,169,15992,1037,5457,21361,266222,14333,19515,177,49527,1828,4718,4579,1966,9520,2998,6736,13952,6247,2412,2384,1424,1172,628,4924,458,1618,2117,6432,2077,1258,2705,40,34,1,94,11464,462,2987,85435,245853,11042,15565,133,45307,1928,5080,4351,2170,8850,2475,5165,12370,5462,1715,1890,1344,1186,645,5414,473,1462,1664,5819,1646,1151,2522,116,17,1,38,10325,483,2592,85452,203037,8774,13226,144,39355,1990,4890,4151,2104,9051,2311,4409,11738,3947,1075,1400,1163,1051,569,3084,416,1301,1337,4997,1592,1090,2338,83,11,5,41,8951,439,2365,63639,183757,7036,9044,144,36798,1816,4571,4160,1767,7787,1803,3558,9984,3091,1022,1309,883,983,481,2756,370,1186,1005,4276,1300,1051,2276,91,21,5,32,7117,531,1864,63639,176809,11515,11542,164,39952,2599,6279,5169,2413,13107,4099,6253,15443,3560,1200,1799,1175,1641,612,4937,670,1914,1441,5078,1619,988,2762,97,18,4,74,9022,986,2996,15681,186957,14344,11448,181,45539,3187,7673,5853,2693,14506,4677,6140,15699,3230,1064,1604,1321,1775,596,4073,760,2052,1774,4659,1762,1026,3264,67,17,2,82,9796,1083,3026,11984,179517,16697,10196,161,46861,2695,9273,5944,3065,13629,3951,4325,12641,3323,1264,1175,1068,1524,529,3767,486,1585,852,3660,1362,605,3536,94,12,4,58,10661,887,2051,11576,166409,16482,8535,99,46374,2142,9920,6143,3350,15031,3970,2666,7116,2282,972,1205,1179,1100,435,2840,364,1493,1026,2881,1139,440,3514,71,9,3,56,9891,727,1253,11701,182270,17196,8117,115,51945,2274,11703,6994,3536,17550,3927,2738,8323,2146,1123,1207,1010,1175,585,2924,426,1771,1250,2493,946,574,3362,46,15,4,52,10381,703,994,14665
"폭력범죄",소계,311945,15507,14865,292,92329,149,767,1207,173,4024,3018,4344,28931,7887,1361,986,165,1146,334,6821,277,2137,2110,297,1764,656,1519,214,72,8,158,10189,487,1063,106688,312579,13206,13668,236,76985,118,642,1197,127,2722,2037,3370,22776,6944,1207,852,122,959,232,5737,243,1949,2628,211,1526,581,1422,268,46,10,120,7355,448,814,141821,294188,22405,22712,317,127392,184,1161,2172,184,4418,3204,5265,36681,8722,1597,1225,193,1471,436,10220,392,2687,2177,380,2370,783,1772,168,35,9,95,12482,630,1164,19085,290079,16774,15930,273,109581,139,595,1617,93,2554,1616,2836,24774,7288,1239,877,163,859,307,1717,186,2306,1551,234,1921,715,1587,153,74,20,59,9494,216,576,81755,305947,21108,19272,433,109150,127,544,1543,72,2331,1404,2462,21277,6849,1257,803,174,702,221,1621,166,2248,1475,251,1793,622,1600,194,45,41,37,9211,203,565,96146,309394,22274,18764,475,109193,113,522,1659,71,2385,1244,2418,20755,6430,1184,953,145,711,294,1675,182,2101,1412,199,1818,514,1606,166,41,47,49,9345,232,651,99766,293086,21180,16413,330,105950,147,496,1614,80,2139,1267,2449,21112,6012,1036,992,176,800,323,1839,182,1926,1513,179,1729,631,1559,187,48,46,28,9410,211,547,90535,287611,36459,26393,335,109352,214,943,2501,161,3965,3297,5098,36332,7418,1410,1345,219,1601,680,4166,295,2218,1859,297,2524,1086,1705,228,73,45,64,11566,532,996,22234,287913,42880,27895,385,106735,192,895,2448,183,3783,3359,4984,36025,7256,1348,1251,223,1568,677,4149,316,2299,1962,308,2522,834,1853,186,74,48,61,11980,580,896,17758,265768,41192,25308,394,97005,172,930,2368,155,3596,2851,4584,30762,6617,1284,1169,241,1309,529,3902,257,1876,968,266,2194,501,1953,214,73,43,44,12190,474,728,19619,232661,43041,24346,379,81460,125,808,2071,146,3142,2392,5306,16823,5946,1279,1125,235,1105,450,3809,180,1835,1194,225,1917,463,1963,122,56,52,40,11227,363,546,18490,245286,41558,23092,395,86637,181,768,2167,148,3530,2366,5015,22795,5479,1176,1146,204,1235,568,3821,258,1827,1553,249,1823,444,1866,125,110,50,35,11213,454,497,22501
"폭력범죄",상해,67206,4049,3977,76,19830,52,160,234,57,880,713,1132,7677,2509,509,296,42,232,74,1752,91,565,712,37,523,171,262,25,12,2,39,1097,108,236,19075,62342,3375,3373,50,15615,42,133,189,33,583,499,816,5823,2073,464,277,37,193,47,1314,77,491,644,23,456,154,212,33,14,4,22,834,102,135,24205,55884,4525,4475,65,22452,51,227,351,37,791,631,1048,8101,2312,576,353,44,228,59,2056,86,600,606,52,626,187,231,19,9,2,15,1201,126,178,3564,50281,3373,3265,48,18320,33,110,218,28,471,374,653,5511,1912,440,251,38,181,43,294,48,514,484,20,539,124,200,20,14,4,15,873,46,78,11739,48005,3564,3385,47,16716,41,102,194,16,395,341,497,4498,1727,442,251,30,128,21,246,31,499,471,24,482,144,190,32,13,10,6,811,53,80,12518,50028,3966,3559,40,16759,24,102,188,16,452,299,523,5128,1608,419,277,33,131,24,233,42,496,480,17,412,102,211,35,9,10,9,825,54,77,13468,44611,3712,3000,46,14833,27,93,159,12,373,259,492,4779,1386,388,261,30,134,28,222,45,414,504,14,380,144,194,35,4,5,8,760,40,74,11756,39766,4903,3856,42,13802,20,119,236,25,468,426,741,6685,1450,407,319,42,174,58,306,65,411,525,22,441,187,124,34,10,10,7,901,75,80,2795,36858,5082,3557,52,12696,21,108,191,30,431,418,704,6539,1331,336,253,33,162,54,345,47,366,527,22,402,116,138,25,10,9,7,817,77,94,1858,32904,4657,3240,55,11451,20,108,184,13,416,386,586,5527,1212,308,231,38,147,31,250,38,326,220,22,351,73,158,23,2,11,9,747,60,78,1926,28453,4876,3014,50,9761,18,90,157,15,347,290,696,3378,1049,336,228,40,120,37,204,26,303,287,12,330,60,147,23,8,8,4,626,34,67,1812,26806,4160,2570,35,9150,13,88,126,12,339,248,581,3997,853,253,191,33,118,29,152,38,280,411,13,323,61,130,22,14,5,6,592,51,53,1859
"폭력범죄",폭행,126651,5864,5146,137,36848,61,332,623,76,1408,1083,1631,11695,2693,409,243,32,669,224,3311,75,862,504,69,753,152,155,55,44,3,23,1494,152,549,49276,130546,5078,5024,111,32285,52,291,656,54,996,680,1265,9186,2184,368,202,22,533,155,2850,84,780,715,46,661,144,154,58,25,2,23,1294,164,374,64030,128699,10220,9934,159,58072,83,579,1212,104,1685,1256,2141,16526,3456,535,401,45,941,320,5439,185,1286,700,80,1190,219,190,47,13,5,20,2233,255,663,8505,132920,7373,6344,111,52278,80,285,936,37,975,527,964,10638,2730,394,277,29,456,234,1147,86,1128,479,63,932,313,168,46,42,11,9,1865,88,321,41554,149278,10608,8753,135,54497,71,289,932,35,928,483,890,9849,2576,436,251,50,433,172,1108,79,1198,530,67,896,192,163,58,21,20,6,1971,66,282,51233,165803,12523,9647,120,58794,65,285,1052,35,1031,509,952,10941,2735,482,342,37,446,237,1182,96,1175,554,72,1019,185,187,50,23,26,7,2319,101,325,58249,159641,11825,8302,131,58348,98,286,1066,46,1026,539,1054,11904,2770,451,416,55,524,267,1357,101,1127,593,54,1062,211,169,78,37,27,2,2516,107,316,52776,159267,21747,14760,163,61152,143,638,1745,100,2059,1688,2305,22772,3784,742,685,81,1166,565,3381,166,1365,853,109,1656,488,224,75,46,21,15,3076,273,608,10616,157197,25179,15290,182,58944,125,565,1679,114,1919,1695,2188,22138,3632,705,596,88,1156,562,3267,209,1471,875,105,1664,392,215,61,51,30,14,3276,287,506,8017,139361,23335,13417,184,51704,108,597,1542,102,1768,1301,1801,18864,3304,687,576,95,925,449,3123,147,1105,418,96,1461,176,243,84,51,24,8,3148,244,393,7881,115942,23656,12716,206,41284,77,526,1365,81,1506,1071,1903,9270,2946,657,565,92,796,376,3090,97,1089,516,72,1239,172,241,54,36,31,8,2850,160,294,6900,125217,23017,12150,190,45258,134,476,1426,98,1701,1111,1829,13405,2897,639,623,92,856,490,3200,160,1070,758,100,1159,180,217,41,64,36,3,3018,194,257,8368
"폭력범죄",체포・감금,832,50,80,5,192,-,1,-,-,5,3,34,44,51,7,1,3,1,-,35,-,-,4,3,65,13,3,-,-,-,-,18,1,1,212,876,63,75,2,175,-,-,2,-,7,3,45,38,61,4,1,1,2,-,25,2,2,7,-,64,10,4,-,-,-,-,15,1,2,265,929,93,104,6,256,-,3,3,2,17,7,62,47,59,5,1,3,1,-,48,-,1,9,3,64,9,4,-,1,-,1,9,2,1,108,945,93,86,6,227,-,3,1,-,6,3,54,33,50,8,3,2,-,-,51,-,7,7,-,75,2,1,-,1,-,-,14,3,-,209,1028,90,102,5,247,-,4,-,1,7,6,40,44,50,6,-,2,3,-,56,3,3,12,1,58,7,4,1,-,2,-,16,2,2,254,1318,139,110,9,311,-,2,2,-,12,2,60,37,54,4,1,2,1,-,82,1,1,8,1,53,7,3,1,-,1,-,20,1,1,392,1439,178,123,8,306,-,1,1,1,9,2,42,51,63,5,2,3,4,-,74,-,-,7,-,37,8,5,-,-,-,1,38,2,1,467,1207,196,139,7,269,1,2,2,1,8,10,103,72,53,5,-,2,6,-,117,2,1,7,1,38,9,3,-,-,2,-,26,1,1,123,1243,234,149,6,259,1,-,4,1,8,8,111,67,69,4,-,2,5,1,128,2,5,8,1,35,6,2,-,-,-,-,16,7,2,102,1209,210,132,6,244,2,1,4,-,15,10,110,60,50,3,5,2,2,-,152,5,6,10,2,33,7,2,-,1,-,-,19,1,3,112,1165,259,141,6,209,-,1,5,1,14,2,103,51,59,4,3,-,3,-,139,-,3,3,1,28,5,5,-,-,-,-,13,-,4,103,1145,238,133,4,198,-,1,3,1,10,6,89,57,56,6,2,-,4,2,137,-,1,7,2,34,3,2,1,1,-,-,14,-,7,126
"폭력범죄",협박,3578,428,537,4,554,4,8,8,2,51,23,59,197,426,13,18,2,-,1,43,7,11,21,7,54,20,8,3,3,2,5,30,-,5,1024,4480,466,599,5,628,3,11,17,3,62,52,44,256,413,24,8,-,3,1,38,3,19,42,3,59,16,10,2,-,2,1,39,1,9,1641,4661,660,823,11,928,12,16,36,5,83,40,66,300,424,31,20,2,10,5,64,5,17,47,10,62,19,17,2,2,-,1,45,2,13,883,5187,620,757,3,894,8,13,39,6,68,57,53,298,457,18,16,2,15,3,25,2,25,42,4,76,25,19,1,-,4,1,45,1,11,1579,9187,1199,1288,88,1870,3,18,52,4,104,53,67,417,535,46,13,2,11,2,43,5,38,42,9,79,18,32,4,4,6,-,104,-,12,3019,15870,1841,1878,262,4483,6,39,97,4,152,60,98,745,608,52,31,5,14,10,55,3,63,64,8,132,35,47,2,3,6,2,158,2,14,4891,15499,1789,1676,112,4979,7,27,107,3,125,64,73,700,566,38,33,8,20,8,56,7,58,70,13,99,37,30,4,3,7,3,143,2,19,4613,17200,3288,2704,93,5045,11,49,175,9,223,129,180,1266,742,59,36,9,45,15,114,14,68,96,20,159,53,39,9,6,7,3,195,6,31,2302,21022,4431,3384,101,6367,16,75,196,6,246,152,207,1533,797,67,60,10,42,16,133,10,102,115,28,176,45,48,12,3,4,2,262,7,33,2336,21214,4511,3192,106,6526,11,75,241,11,271,144,191,1467,729,61,48,7,44,15,112,15,101,77,11,141,45,64,11,6,5,-,254,4,39,2679,21058,5052,3338,90,6111,9,54,208,10,281,154,195,1134,693,68,52,9,30,6,117,17,101,90,17,133,32,75,10,1,9,3,265,5,25,2664,21567,5246,3320,122,6160,8,56,231,9,283,151,209,1367,578,74,52,12,30,10,113,24,86,80,11,135,35,46,7,5,6,2,314,3,29,2753
"폭력범죄",약취・유인,266,20,27,-,99,-,1,1,-,1,1,20,6,3,-,-,-,5,1,2,-,6,9,-,2,2,-,-,-,-,-,3,1,-,56,200,18,21,-,62,-,-,-,-,1,1,17,4,3,-,-,-,1,1,2,-,1,6,-,2,3,-,-,-,-,-,-,1,-,56,188,21,29,-,62,-,-,1,-,1,-,14,2,5,1,-,-,7,-,3,-,5,11,-,3,-,-,-,-,-,-,3,2,2,16,198,22,21,-,66,-,1,-,-,2,1,8,4,3,-,-,-,7,-,4,-,1,9,1,2,1,1,-,-,-,-,2,-,-,42,190,20,18,-,66,-,-,-,-,1,-,8,3,1,-,-,-,5,-,5,-,3,6,-,7,2,-,-,-,-,-,1,-,-,44,201,26,16,-,80,-,-,-,1,2,1,11,11,-,-,-,-,1,-,4,-,3,5,-,3,1,-,-,-,-,-,1,1,-,34,206,23,11,-,76,-,-,-,1,1,-,8,6,1,-,-,-,4,1,1,-,3,14,-,1,1,1,-,-,-,-,2,-,-,51,187,26,11,-,83,-,-,-,-,1,3,4,2,4,-,-,-,5,-,4,-,1,15,-,3,-,1,-,-,-,-,1,-,1,22,250,41,26,-,102,-,1,-,-,2,-,11,8,3,-,-,-,3,-,3,-,5,16,1,3,1,-,1,-,-,-,2,2,-,19,210,38,23,-,78,-,-,1,-,1,3,16,2,2,-,-,-,3,-,3,-,6,4,1,1,-,-,-,-,-,-,2,-,-,26,240,50,17,-,112,-,1,1,-,-,1,10,1,4,-,-,-,-,1,3,-,2,7,2,1,2,-,-,-,-,-,3,1,-,21,276,53,19,-,123,-,-,1,-,1,2,11,-,2,-,-,-,1,-,-,-,9,15,-,2,3,-,-,-,-,-,1,1,-,32
"폭력범죄",폭력행위등,46729,2175,2180,46,14430,13,117,142,16,473,538,610,6057,1044,257,187,24,110,22,1165,76,511,529,21,203,155,171,27,11,-,24,774,134,132,14355,46725,1895,2073,41,11881,10,81,125,20,303,319,445,4788,897,169,166,16,109,13,1017,40,498,692,21,146,136,153,20,5,1,23,594,92,120,19816,41704,2943,3307,44,17402,19,146,243,12,461,424,616,7390,1088,253,209,20,106,23,1830,54,572,443,29,211,166,167,28,8,1,12,804,132,122,2419,37689,2171,2347,79,13843,8,54,155,6,318,224,350,5058,839,216,150,17,82,8,79,30,457,287,16,162,118,142,28,16,1,8,542,49,63,9766,35686,2374,2463,129,12838,5,43,137,2,207,209,296,3879,855,182,119,25,37,13,86,15,353,246,29,134,139,118,20,7,1,7,486,44,75,10113,13302,483,432,14,6045,4,16,46,4,100,85,138,1335,354,55,70,4,25,8,24,15,206,137,3,54,48,43,3,2,2,2,228,28,39,3250,11255,419,317,5,5280,4,6,48,3,82,98,101,1141,254,27,63,8,20,3,28,5,193,149,9,41,79,28,2,2,5,1,269,24,21,2520,9204,475,313,2,4470,4,13,40,3,101,143,160,1440,246,31,54,6,26,6,30,12,184,162,5,49,95,39,7,6,1,3,238,29,35,776,8350,579,349,3,3923,1,10,32,1,97,121,198,1350,257,35,54,1,28,4,35,6,155,177,5,40,72,31,3,6,-,2,207,45,22,501,7398,565,344,5,3401,2,11,26,1,90,110,147,1114,239,37,61,4,19,-,41,11,130,87,7,36,32,57,3,6,1,2,219,21,15,554,6484,648,351,3,2869,4,12,35,1,62,87,199,644,201,53,55,6,20,4,36,7,122,145,5,43,38,38,3,5,1,1,199,28,20,539,6745,600,322,3,3084,3,8,35,2,81,97,180,773,181,39,56,6,14,5,37,5,142,114,3,35,43,34,1,16,1,2,213,25,14,571
"폭력범죄",공갈,5239,183,186,-,1758,6,26,36,5,78,94,61,356,269,11,11,2,32,4,34,13,104,166,27,26,9,9,-,1,1,3,118,32,76,1502,6698,206,214,1,1791,4,32,58,3,68,53,63,493,573,33,25,-,21,3,60,12,80,379,26,30,8,11,-,1,1,3,79,27,136,2204,4310,299,284,2,1605,3,13,53,3,59,50,98,395,266,11,23,-,21,4,29,9,80,163,33,29,6,10,-,-,1,-,67,19,108,567,4862,312,339,3,987,2,19,61,2,81,98,96,841,368,19,21,2,24,2,34,1,41,141,38,37,11,5,1,1,-,-,47,3,61,1164,3596,203,259,2,773,1,9,43,4,92,51,58,600,307,16,14,-,10,-,12,6,26,65,42,30,6,7,-,-,-,1,36,2,67,854,3745,188,208,-,736,-,9,66,4,62,26,50,523,319,34,44,2,9,2,14,2,28,80,31,36,13,12,-,3,2,1,28,2,134,1077,4152,232,292,2,828,2,21,42,4,46,32,59,467,307,20,40,4,12,-,23,3,32,89,22,19,10,10,1,1,1,-,21,3,33,1474,4096,248,328,3,745,3,9,43,3,67,42,68,241,313,15,23,-,17,4,24,2,30,73,40,22,8,11,1,2,4,-,36,3,66,1602,4847,255,353,2,798,1,5,44,3,85,51,64,409,352,13,16,-,9,3,25,2,42,75,28,31,7,7,-,4,2,1,31,5,61,2063,5281,309,387,1,665,5,11,84,1,58,44,64,160,297,13,21,1,8,1,25,5,40,29,23,29,7,4,-,4,-,-,36,5,47,2897,5131,356,317,4,554,-,6,32,7,57,31,43,129,259,9,14,3,5,1,30,1,24,42,18,22,7,4,1,6,2,1,17,1,26,3102,6904,356,416,2,664,-,6,24,1,41,23,62,171,230,11,17,-,20,4,18,1,31,47,10,20,6,6,-,9,2,-,30,4,18,4654
"폭력범죄",손괴,61444,2738,2732,24,18618,13,122,163,17,1128,563,797,2899,892,155,230,60,97,8,479,15,78,165,133,138,134,911,104,1,-,64,6655,59,64,21188,60712,2105,2289,26,14548,7,94,150,14,702,430,675,2188,740,145,173,46,97,12,431,25,78,143,92,108,110,878,155,1,-,48,4500,60,38,29604,57813,3644,3756,30,26615,16,177,273,21,1321,796,1220,3920,1112,185,218,79,157,25,751,53,126,198,173,185,177,1153,72,2,-,46,8120,92,77,3023,57997,2810,2771,23,22966,8,110,207,14,633,332,658,2391,929,144,159,73,94,17,83,19,133,102,92,98,121,1051,57,-,-,26,6106,26,42,15702,58977,3050,3004,27,22143,6,79,185,10,597,261,606,1987,798,129,155,65,75,13,65,27,128,103,79,107,114,1086,79,-,2,17,5786,36,47,18111,59127,3108,2914,30,21985,14,69,208,7,574,262,586,2035,752,138,188,62,84,13,81,23,129,84,67,109,123,1103,75,1,-,28,5766,43,61,18405,56283,3002,2692,26,21300,9,62,191,10,477,273,620,2064,665,107,177,68,82,16,78,21,99,87,67,90,141,1122,67,1,1,13,5661,33,83,16878,56684,5576,4282,25,23786,32,113,260,20,1038,856,1537,3854,826,151,228,79,162,32,190,34,158,128,100,156,246,1264,102,3,-,36,7093,145,174,3998,58146,7079,4787,39,23646,27,131,302,28,995,914,1501,3981,815,188,272,89,163,37,213,40,153,169,118,171,195,1412,84,-,3,35,7369,150,178,2862,58191,7567,4573,37,22936,24,127,286,27,977,853,1669,3568,784,175,227,94,161,33,196,36,162,123,104,142,161,1425,93,3,2,25,7765,139,153,3544,54188,8144,4452,20,20560,17,118,268,31,875,756,2157,2216,735,152,208,85,131,25,190,32,191,104,98,121,147,1453,31,-,1,23,7254,134,110,3349,56626,7888,4162,39,22000,23,133,321,25,1074,728,2054,3025,682,154,205,61,192,28,164,30,208,121,110,115,113,1431,53,1,-,22,7031,176,119,4138
"지능범죄",소계,279802,8995,17087,128,12453,277,696,1199,172,10124,2245,1863,22799,77067,2186,2346,275,605,174,2342,334,279,605,20108,3703,425,690,133,41,14,57,669,85,4098,85528,295101,8916,17412,152,12523,241,662,1118,178,8145,2008,1779,19128,74448,2857,2586,552,655,162,2309,306,330,581,18604,2840,480,694,135,41,17,60,581,93,3654,110854,329439,12831,23691,173,18767,348,887,1957,183,10948,2653,1826,24724,77836,3355,2590,499,965,287,3522,371,527,717,18677,2148,447,737,43,72,21,261,761,296,3732,112587,298652,11106,18878,148,17740,312,743,1893,244,7727,2087,1591,18677,67835,2521,2478,261,709,228,1254,267,572,566,16125,2323,450,697,135,49,27,50,675,138,1795,118351,316121,11065,19119,189,22459,321,787,2007,168,8773,2084,1719,17994,64679,2717,2667,229,1246,404,1865,247,916,649,13201,2013,454,738,782,41,30,48,894,315,1800,133501,312577,10755,16993,273,25841,345,787,1730,169,8635,1955,1716,17035,58952,2292,2603,255,1217,492,2224,272,1045,549,10304,2043,399,613,559,39,26,26,928,379,1432,139694,302466,9693,15898,606,29107,340,815,1799,159,6108,1836,1552,16480,55831,1999,2535,214,1314,497,2410,276,794,579,11996,2120,337,578,505,40,24,32,982,448,1247,133315,344698,11184,17322,739,38476,496,1054,1877,268,8969,2543,1646,24369,57629,1838,2631,212,2463,839,4684,403,1231,683,13011,2695,389,556,1608,48,24,35,1262,1171,1544,140799,381533,12629,19309,1017,45620,540,1120,2127,297,7420,2766,2030,25747,57098,1724,2615,232,2850,890,5305,547,1383,697,12333,2306,369,579,200,54,23,17,1483,1311,1070,167825,424642,14856,19797,1325,60205,406,1086,2472,298,7239,2506,1828,23602,53461,1650,2297,212,2219,880,4964,285,1147,533,6602,2188,306,579,184,66,30,29,1851,1078,661,207800,361107,12468,13695,1057,66079,352,1030,3558,257,6201,1892,1403,12279,38544,1167,1526,166,2022,848,3785,256,1167,434,2686,1927,229,454,213,53,30,18,2341,906,476,181588,405105,12124,13091,999,68716,400,1167,3312,286,7725,1950,1455,18377,37098,1164,1673,156,2326,1047,3893,362,1319,578,2269,1712,234,432,150,111,30,26,2326,1072,433,217092
"지능범죄",직무유기,377,6,12,1,32,-,-,-,-,-,3,-,3,200,4,4,2,3,-,1,-,1,8,1,1,-,12,1,1,1,1,5,1,2,71,496,3,13,1,31,-,-,-,-,3,1,1,9,274,4,5,-,-,-,-,-,1,13,1,3,2,8,-,-,3,1,3,-,-,116,555,9,16,-,39,-,-,1,-,1,7,1,3,320,4,2,-,-,-,3,1,2,15,3,8,-,17,1,2,4,-,-,-,-,96,577,7,13,-,46,-,-,1,-,-,3,-,1,348,6,4,-,1,-,-,1,4,4,2,7,2,12,1,-,5,2,-,-,-,107,507,8,11,-,43,-,-,-,-,1,1,1,4,304,3,3,-,1,1,-,3,3,11,1,2,1,6,2,1,5,-,1,-,-,90,531,6,12,-,45,-,-,-,-,-,2,1,3,297,4,3,-,1,-,3,-,-,16,3,-,-,14,-,-,10,-,1,-,-,110,504,8,16,-,35,-,1,-,-,5,1,1,3,289,2,6,-,1,-,1,1,1,12,1,4,-,8,-,1,3,1,5,-,-,98,581,9,14,-,65,-,-,-,-,1,4,-,5,310,5,4,-,1,-,1,-,4,11,2,9,2,7,-,-,7,1,-,-,-,119,590,8,8,1,58,-,-,-,-,3,1,-,3,330,5,3,-,-,-,-,-,3,9,-,2,-,5,1,1,5,-,2,-,-,142,730,4,8,1,65,-,-,-,-,1,-,3,3,407,3,6,-,-,-,1,-,3,8,1,4,-,9,-,2,5,1,2,-,-,193,957,15,8,-,72,-,1,1,-,2,3,2,5,542,1,5,-,1,-,-,-,2,21,4,6,-,11,-,3,6,-,1,-,1,244,1550,24,18,-,116,-,-,1,-,2,3,1,7,829,-,5,-,1,-,-,1,-,13,4,9,2,11,1,3,5,-,2,-,2,490
"지능범죄",직권남용,226,3,4,-,33,-,-,-,-,1,1,1,4,120,2,2,1,2,-,1,-,1,2,-,-,1,5,-,-,2,1,-,-,-,39,276,4,3,1,44,-,-,-,-,3,1,-,6,139,2,1,-,2,-,2,-,2,6,-,3,1,4,-,-,3,1,1,-,-,47,325,7,10,1,45,-,1,2,-,1,5,-,9,153,2,-,-,-,-,6,1,3,5,-,-,1,9,-,-,3,-,1,1,-,59,364,5,9,-,53,1,1,1,-,3,1,2,13,165,-,2,-,-,1,1,2,4,6,2,4,-,7,1,-,6,-,2,-,1,71,401,9,12,1,55,1,-,-,-,2,5,2,13,193,-,-,-,-,-,3,2,-,12,1,-,-,1,1,-,5,1,2,-,-,80,437,2,6,1,70,-,-,1,-,3,2,3,5,225,4,1,-,5,-,3,-,2,10,2,4,-,5,-,-,5,-,2,-,1,75,494,7,14,2,74,-,1,2,-,2,1,2,10,247,-,2,-,1,1,1,-,1,9,-,5,1,6,-,-,7,1,6,-,-,91,603,8,11,1,80,-,-,1,-,4,6,2,3,339,1,2,-,3,2,3,1,1,16,-,6,1,4,-,2,3,-,3,-,-,100,674,9,11,-,96,-,-,-,-,1,1,1,9,354,-,-,1,3,-,1,1,4,12,4,8,-,4,-,1,2,-,8,1,-,142,724,11,12,-,83,-,1,1,-,2,1,3,4,370,-,2,-,2,1,3,-,1,20,2,4,2,2,1,1,9,-,4,-,-,182,875,14,16,-,113,-,-,4,-,5,3,2,14,426,-,-,-,2,-,4,-,-,14,4,9,2,6,-,-,8,-,2,-,-,227,1792,19,24,1,184,-,1,1,-,7,4,4,29,893,3,1,1,1,-,7,-,2,15,2,12,2,3,1,3,8,-,10,-,-,554
"지능범죄",증수뢰,586,1,7,1,28,-,-,-,-,8,-,92,31,257,1,1,1,3,-,3,5,1,23,25,-,1,1,-,3,-,1,8,-,-,84,357,2,5,-,15,-,-,-,-,4,-,3,26,214,1,2,-,-,-,1,-,1,7,10,2,1,-,-,-,-,-,2,-,-,61,253,3,3,1,18,-,-,-,-,1,-,-,25,124,-,5,-,1,-,1,-,3,5,2,3,1,-,-,2,-,-,4,-,-,51,251,-,2,1,21,-,-,-,-,-,1,4,28,131,-,3,-,3,-,-,-,-,-,5,1,-,-,-,-,-,-,3,-,-,48,247,-,1,-,16,-,-,-,-,1,1,-,27,116,-,1,-,-,-,5,1,1,9,5,1,-,2,-,-,-,-,8,-,-,52,260,2,5,-,24,-,-,-,-,1,-,1,19,132,2,-,-,1,-,-,1,-,6,2,1,2,-,-,-,-,-,4,-,-,57,312,1,1,-,26,-,-,-,-,-,1,2,30,169,2,5,-,-,-,2,1,1,7,2,5,-,2,-,-,-,-,-,-,-,55,347,3,3,1,18,-,-,-,-,6,4,3,27,136,-,2,-,-,-,3,2,1,16,4,8,2,1,32,-,-,-,7,-,-,68,260,2,2,-,15,-,-,-,-,2,2,2,25,109,3,2,-,-,-,-,2,1,17,3,3,-,1,-,1,-,-,2,-,-,66,289,-,5,-,13,-,1,-,-,1,1,1,18,130,1,2,-,-,-,1,2,2,26,2,2,-,1,-,2,-,-,4,-,-,74,402,3,3,-,17,-,1,-,-,1,2,3,18,103,-,2,-,-,-,-,4,4,8,-,3,-,1,-,2,-,-,3,-,-,224,320,4,4,-,18,-,-,-,-,1,1,-,11,115,-,1,-,1,-,-,2,1,20,3,4,-,2,-,1,-,-,1,-,-,130
"지능범죄",통화,7900,5,19,3,93,6,114,62,25,203,139,8,75,210,-,-,-,19,1,17,3,17,4,5417,13,5,-,-,1,-,-,3,-,9,1429,8203,5,2,2,96,1,90,90,12,141,123,13,48,269,-,-,-,10,1,20,1,26,-,5286,10,4,-,-,-,-,-,-,-,5,1948,3874,6,10,7,101,3,96,98,7,163,83,14,57,174,-,-,-,13,-,26,3,9,-,2517,12,1,-,-,1,-,-,2,-,8,463,2770,3,6,4,87,1,61,75,4,82,26,6,32,110,-,-,-,10,2,18,5,3,-,1428,8,1,1,-,-,-,-,-,-,10,787,1822,4,9,2,62,-,34,71,1,52,26,4,18,46,-,-,-,7,-,7,2,1,-,953,1,-,-,-,-,-,-,2,-,2,518,1811,5,3,1,40,1,23,45,-,47,18,3,15,36,-,-,-,3,-,7,1,2,3,975,3,1,1,-,-,-,-,2,-,-,576,2794,1,5,4,95,3,43,88,5,72,62,1,24,65,-,-,-,12,-,3,3,2,1,1428,9,4,-,-,-,-,-,2,-,4,858,1194,2,3,3,49,4,32,42,-,50,33,2,27,33,-,-,-,2,-,2,1,5,-,725,3,-,-,-,-,-,-,-,-,-,176,980,4,2,1,47,2,22,39,3,53,32,6,27,30,-,-,-,5,-,3,-,2,-,547,5,2,-,1,-,-,-,-,-,1,146,626,2,3,2,29,1,22,19,-,32,12,5,11,14,-,-,-,3,-,4,-,-,1,365,4,-,-,-,-,-,-,-,-,-,97,376,2,4,-,14,-,1,18,-,19,9,2,17,16,-,-,-,-,-,11,-,-,1,205,-,1,-,-,-,-,-,-,-,-,56,452,3,1,-,15,-,10,13,-,23,14,-,5,13,-,-,-,2,-,4,-,-,-,254,2,1,-,-,-,-,-,-,-,-,92
"지능범죄",문서・인장,14948,298,636,6,426,2,24,86,5,238,75,55,274,8045,42,40,-,43,5,64,92,7,37,339,477,29,22,13,4,-,4,13,1,42,3504,14393,237,518,16,371,3,30,156,7,330,72,34,301,6862,28,48,1,41,2,61,82,5,28,282,104,19,17,36,7,-,3,13,1,28,4650,15385,277,562,11,529,9,48,196,12,513,137,58,328,7726,53,34,1,19,3,105,83,8,44,358,146,35,15,2,11,1,2,25,1,63,3970,14441,256,398,14,519,6,33,183,75,584,155,25,276,6758,81,32,4,23,1,6,44,7,35,315,119,31,13,4,3,2,1,26,-,27,4385,14546,281,389,11,684,6,27,205,21,570,116,38,259,6420,50,37,3,20,-,9,38,11,46,272,90,41,29,250,6,1,2,38,-,31,4545,13295,216,382,11,761,3,28,266,7,624,110,27,275,5431,45,31,3,28,-,7,46,5,53,191,82,43,24,40,8,1,-,73,-,28,4446,12452,215,320,15,608,1,26,182,6,351,83,20,275,5598,43,35,4,14,-,1,38,10,28,149,80,41,18,388,13,-,2,34,2,20,3832,12290,228,292,9,627,5,29,257,7,328,99,27,389,4547,19,35,3,14,-,6,25,5,26,182,83,35,13,1305,12,-,1,83,-,27,3572,11343,237,294,18,667,4,27,230,9,321,97,37,440,4704,31,48,-,20,1,5,5,12,31,179,83,30,15,34,10,2,-,89,-,22,3641,11533,307,289,10,689,1,20,192,9,342,76,28,378,4257,18,22,1,7,-,9,3,7,41,139,80,19,21,50,10,3,1,86,-,17,4401,10472,206,256,15,697,2,10,125,5,248,67,35,145,3829,17,26,4,12,1,4,2,4,25,125,63,19,23,157,2,1,-,52,-,14,4281,11259,255,228,17,780,3,11,213,11,242,58,36,223,3519,17,9,-,7,-,3,4,7,26,98,86,13,17,95,16,1,1,92,-,23,5148
"지능범죄",유가증권인지,803,7,11,-,25,1,8,20,1,27,6,6,23,290,2,1,-,3,-,4,2,1,-,108,2,1,-,-,-,-,-,1,-,1,252,508,3,4,1,12,1,5,-,-,5,2,7,15,197,3,4,-,-,-,3,4,-,-,56,1,-,-,-,-,-,-,-,-,1,184,456,7,6,-,24,-,5,14,-,13,8,4,15,170,1,2,-,-,-,5,3,3,-,57,3,-,-,-,-,-,-,1,-,-,115,360,-,4,-,13,-,2,3,-,6,8,2,10,134,2,-,-,1,-,-,2,-,-,50,2,-,1,-,-,-,-,-,-,1,119,282,4,8,-,5,1,2,3,-,5,2,1,10,103,2,1,-,1,-,-,-,1,-,38,-,-,-,-,-,-,-,1,-,-,94,219,-,5,1,11,1,-,1,-,3,1,1,5,82,2,1,-,-,-,-,-,-,-,18,-,-,-,-,-,-,-,-,-,-,87,217,1,1,-,2,-,4,-,1,7,1,-,7,84,1,-,-,-,-,-,-,-,-,21,1,-,-,-,-,-,-,1,-,-,85,197,-,3,-,5,-,5,6,1,8,2,4,8,87,1,-,-,-,-,-,1,-,-,12,-,-,-,-,-,-,-,-,-,-,54,140,2,2,-,5,-,1,2,-,12,3,2,1,44,-,1,-,1,-,-,-,2,-,11,-,-,-,-,-,-,-,2,-,-,49,84,1,-,-,5,-,1,1,-,2,2,-,4,31,1,-,-,-,-,-,-,-,-,9,-,-,-,-,-,-,-,-,-,-,27,63,-,-,-,1,-,2,3,1,1,1,2,-,17,-,-,-,-,-,-,-,1,-,6,-,-,-,-,-,-,-,-,-,-,28,58,-,-,-,4,1,-,-,-,1,1,-,2,11,-,-,-,-,-,-,-,-,-,17,-,-,-,-,-,-,-,-,-,-,21
"지능범죄",사기,223470,7925,15458,90,9331,176,430,890,86,8854,1708,1555,21307,56542,1561,1900,185,353,16,1790,176,159,341,12988,3052,294,518,107,24,10,35,402,2,3884,71321,235366,7927,16013,103,9172,155,397,703,112,6821,1553,1558,17744,55253,2090,2135,449,411,21,1609,175,163,361,11839,2554,324,543,84,34,10,44,377,2,3513,91117,269082,11575,22223,109,11976,168,471,1194,75,8038,2022,1548,22885,58554,2481,2139,369,456,35,2218,182,207,389,14603,1760,318,555,18,45,10,246,429,5,3503,98276,238409,9817,17487,86,10727,164,409,1223,117,5958,1546,1375,17132,49929,1746,2027,145,297,26,439,146,248,368,13283,1994,297,535,114,37,11,31,328,-,1641,98726,247293,9629,17561,120,11521,144,438,1062,76,6940,1592,1506,16369,47382,1776,2222,143,559,41,508,111,349,328,10890,1698,281,561,510,26,18,35,344,2,1593,110958,241613,9307,15443,190,12471,141,406,659,77,6540,1443,1499,15440,44093,1606,2181,149,284,25,553,114,499,227,8274,1694,239,453,501,29,8,21,282,3,1232,115530,231489,8389,14699,524,14547,127,413,761,47,4675,1334,1318,14783,41518,1432,2118,104,386,54,530,130,177,287,9605,1780,211,423,54,15,12,23,338,8,1075,109592,270029,9467,16079,596,19529,156,447,732,68,6445,1727,1261,21621,44041,1300,2261,112,586,68,1153,136,243,299,11067,2210,215,385,257,27,12,24,336,7,1241,125921,304472,10537,18015,865,23413,129,486,923,68,5632,1878,1587,22920,43820,1235,2243,137,735,54,1444,250,196,268,10609,1791,234,414,148,36,13,9,406,1,749,153227,347675,12365,18366,1161,36460,145,395,1266,71,5388,1746,1424,21123,40892,1266,2015,113,441,78,1669,134,180,233,5259,1741,194,393,75,47,13,16,821,2,402,191781,294075,10071,12618,939,44667,115,354,2389,67,4370,1232,1153,11025,28142,884,1305,92,438,59,1329,156,176,233,1771,1516,153,271,33,45,12,13,1326,6,316,166799,325848,9443,12024,856,43369,130,355,1863,73,5087,1199,1115,16606,26511,854,1447,81,416,60,1286,170,183,318,1329,1286,135,284,47,85,15,19,1188,4,237,197773
"지능범죄",횡령,26767,605,770,27,2418,92,117,140,53,753,279,138,978,8807,429,351,76,171,152,456,53,88,167,1098,144,80,102,12,7,1,12,231,81,146,7733,31273,565,718,27,2709,79,136,168,45,794,233,156,859,9229,616,361,92,187,138,612,43,132,148,1006,152,107,87,13,-,1,8,181,90,99,11482,34892,706,718,44,5951,159,263,452,88,2139,358,186,1296,8523,506,363,120,475,249,1154,95,290,246,1019,201,79,113,19,8,3,13,294,289,151,8322,37024,775,800,42,6188,136,233,405,47,1014,304,167,1074,8255,560,365,103,373,198,788,61,305,137,913,173,100,100,15,9,3,15,307,138,110,12811,46734,892,1010,55,9982,166,281,661,68,1131,301,162,1181,8313,623,369,82,655,362,1332,86,546,219,922,195,106,113,14,8,1,8,495,313,168,15914,50053,1010,1024,68,12331,193,322,751,84,1010,349,175,1174,6919,477,358,98,892,467,1651,107,534,218,758,245,91,99,14,2,2,4,557,376,154,17539,50498,916,724,61,13621,203,320,764,98,952,323,195,1267,6278,379,321,99,899,439,1868,100,600,219,700,215,66,96,60,6,2,4,591,438,142,17532,55113,1286,832,127,17968,327,535,837,192,2075,640,332,2220,6371,380,284,90,1853,769,3516,233,969,287,948,364,112,122,13,6,2,9,830,1164,269,9151,58508,1657,879,130,21192,396,578,930,215,1341,731,380,2236,5904,326,286,91,2085,835,3848,285,1159,337,908,399,88,121,11,5,1,8,972,1309,294,8571,58889,1991,1035,151,22669,253,641,989,214,1425,647,348,2002,5582,311,206,91,1766,801,3277,142,950,184,759,337,72,130,57,3,-,8,930,1076,236,9606,50421,2016,744,102,20347,228,658,1013,180,1516,555,197,1020,3926,229,166,69,1569,788,2437,90,972,117,528,313,42,135,22,1,3,4,952,900,144,8438,60220,2218,759,125,24087,261,785,1217,200,2317,652,291,1455,3878,249,179,74,1897,987,2592,179,1122,167,517,301,65,103,5,1,1,5,1032,1068,169,11262
"지능범죄",배임,4725,145,170,-,67,-,3,1,2,40,34,8,104,2596,145,47,10,8,-,6,3,4,23,132,14,14,30,-,1,-,3,6,-,14,1095,4229,170,136,1,73,2,4,1,2,44,23,7,120,2011,113,30,10,4,-,1,1,-,18,124,11,22,35,2,-,-,3,4,-,8,1249,4617,241,143,-,84,9,3,-,1,79,33,15,106,2092,308,45,9,1,-,4,3,2,13,118,15,12,28,3,3,-,-,5,-,7,1235,4456,243,159,1,86,4,4,2,1,80,43,10,111,2005,126,45,9,1,-,2,6,1,16,127,15,19,28,-,-,-,1,9,-,5,1297,4289,238,118,-,91,3,5,5,2,71,40,5,113,1802,263,34,1,3,-,1,4,4,24,119,26,25,26,5,-,-,2,3,-,6,1250,4358,207,113,1,88,6,8,7,1,407,30,6,99,1737,152,28,5,3,-,-,3,3,16,81,14,23,17,4,-,-,1,7,-,17,1274,3706,155,118,-,99,6,7,2,2,44,30,13,81,1583,140,48,7,1,3,4,3,2,16,90,21,14,25,3,5,-,1,5,-,6,1172,4344,181,85,2,135,4,6,2,-,52,28,15,69,1765,132,43,7,4,-,-,4,3,28,71,12,22,24,1,1,-,-,3,-,7,1638,4566,173,96,2,127,9,6,3,2,55,21,15,86,1803,124,32,3,1,-,4,4,4,23,72,15,15,19,5,-,-,-,2,-,4,1841,4092,175,79,-,192,6,5,4,4,46,21,16,59,1778,50,44,7,-,-,-,4,4,20,66,16,19,23,1,1,-,3,4,-,6,1439,3466,141,46,1,151,7,3,5,4,39,20,7,35,1543,36,22,1,-,-,-,4,8,15,43,17,12,7,1,-,-,1,5,-,1,1291,3606,158,33,-,143,5,5,4,2,45,18,8,39,1329,41,31,-,1,-,1,6,4,19,45,12,16,12,1,2,-,1,1,-,2,1622
"풍속범죄",소계,28834,1708,4241,2,567,9,41,25,16,522,246,884,2144,5019,51,3,73,291,263,78,178,79,41,12,17,4,25,-,1,-,3,31,153,1180,10927,24801,1613,2803,6,686,11,37,20,137,344,159,911,2196,3048,31,1,37,357,238,100,161,73,44,9,16,9,15,1,-,-,2,29,218,771,10718,27373,1834,3364,5,1980,27,79,71,18,505,243,1296,2094,4267,45,1,43,854,441,215,134,140,88,31,49,13,33,-,1,-,-,48,712,538,8204,24976,1347,2178,2,2468,17,57,58,93,424,138,1068,1071,3324,37,2,32,1093,564,242,73,124,192,22,30,13,36,-,2,1,1,38,701,526,9002,24491,1129,2156,5,2577,35,75,85,20,342,173,826,836,3068,35,2,44,1583,760,348,54,163,144,16,39,15,36,-,1,-,-,73,685,339,8827,26165,1468,2585,6,1885,28,47,76,9,295,147,657,762,3272,28,1,43,870,533,214,22,156,123,15,32,16,28,1,7,-,2,49,654,795,11339,22501,1290,1842,7,2561,13,55,103,7,335,127,548,620,2076,19,1,24,1136,650,331,23,154,152,11,39,8,42,2,-,1,1,54,551,366,9352,20162,1453,2072,10,2214,28,56,116,23,362,199,761,818,1959,22,4,28,873,715,407,24,199,243,15,67,9,34,1,7,4,1,41,1118,322,5957,21153,1693,1760,6,2457,25,83,122,19,377,192,809,849,2062,23,2,23,742,674,337,32,248,245,7,55,12,33,-,17,1,1,60,1150,324,6713,22632,1884,1950,5,2287,30,67,102,24,291,213,791,736,2602,21,1,35,543,401,235,27,199,166,12,63,7,33,2,24,-,3,52,1025,246,8555,23360,2605,2112,-,2203,36,52,117,16,342,187,661,526,1996,19,2,32,493,414,375,21,205,168,6,41,5,39,4,14,-,-,45,822,258,9544,27113,3629,2574,9,2294,21,49,80,17,257,157,633,488,1171,13,3,30,437,417,184,30,207,244,6,50,5,24,-,32,2,-,48,925,382,12695
"풍속범죄",성풍속범죄,13381,1135,2284,2,494,9,11,17,16,57,25,701,207,2056,1,-,1,288,263,62,1,30,41,6,14,1,1,-,-,-,-,18,153,462,5025,14935,1238,1904,6,621,11,18,19,136,117,64,800,1064,1486,3,-,1,356,238,83,8,44,42,5,15,4,5,1,-,-,1,16,218,592,5819,19385,1523,2252,5,1895,26,59,67,18,235,83,1152,728,2294,11,-,2,849,441,195,35,84,87,25,48,12,12,-,1,-,-,33,712,422,6079,16683,1006,1265,2,2271,17,52,55,93,171,48,978,369,1400,25,1,1,1092,564,238,9,89,191,12,30,12,6,-,1,1,1,27,700,214,5742,16219,745,1073,4,2440,34,69,77,20,232,65,644,293,1266,1,1,-,1581,760,348,12,129,143,11,36,13,6,-,1,-,-,68,685,172,5290,12719,766,916,5,1766,28,42,70,9,173,50,477,258,709,10,-,3,869,533,212,8,130,121,9,28,13,9,-,1,-,2,42,654,131,4675,13812,723,785,6,2491,12,46,100,7,190,89,482,278,539,7,-,2,1136,650,327,8,128,151,10,36,8,4,-,-,1,1,48,551,128,4868,14158,1073,1043,10,2159,28,47,116,23,243,125,670,351,542,2,3,3,872,715,405,9,164,243,10,64,7,16,-,2,4,1,32,1118,137,3921,13145,1282,862,6,2362,24,68,118,18,207,113,691,343,364,5,2,1,738,673,334,13,191,245,5,54,11,16,-,2,1,1,51,1150,109,3085,14497,1555,1156,5,2182,30,61,100,24,182,124,743,267,391,6,1,2,541,401,233,12,161,155,8,61,6,14,-,8,-,3,47,1025,91,4902,16969,2316,1486,-,2132,36,45,114,15,186,130,611,206,383,4,1,1,492,414,373,10,196,168,2,41,4,24,-,7,-,-,42,822,150,6558,22650,3382,2049,9,2214,20,46,78,17,176,115,604,252,267,2,2,1,436,417,183,7,166,244,5,50,4,20,-,24,2,-,46,925,265,10622
"풍속범죄",도박범죄,15453,573,1957,-,73,-,30,8,-,465,221,183,1937,2963,50,3,72,3,-,16,177,49,-,6,3,3,24,-,1,-,3,13,-,718,5902,9866,375,899,-,65,-,19,1,1,227,95,111,1132,1562,28,1,36,1,-,17,153,29,2,4,1,5,10,-,-,-,1,13,-,179,4899,7988,311,1112,-,85,1,20,4,-,270,160,144,1366,1973,34,1,41,5,-,20,99,56,1,6,1,1,21,-,-,-,-,15,-,116,2125,8293,341,913,-,197,-,5,3,-,253,90,90,702,1924,12,1,31,1,-,4,64,35,1,10,-,1,30,-,1,-,-,11,1,312,3260,8272,384,1083,1,137,1,6,8,-,110,108,182,543,1802,34,1,44,2,-,-,42,34,1,5,3,2,30,-,-,-,-,5,-,167,3537,13446,702,1669,1,119,-,5,6,-,122,97,180,504,2563,18,1,40,1,-,2,14,26,2,6,4,3,19,1,6,-,-,7,-,664,6664,8689,567,1057,1,70,1,9,3,-,145,38,66,342,1537,12,1,22,-,-,4,15,26,1,1,3,-,38,2,-,-,-,6,-,238,4484,6004,380,1029,-,55,-,9,-,-,119,74,91,467,1417,20,1,25,1,-,2,15,35,-,5,3,2,18,1,5,-,-,9,-,185,2036,8008,411,898,-,95,1,15,4,1,170,79,118,506,1698,18,-,22,4,1,3,19,57,-,2,1,1,17,-,15,-,-,9,-,215,3628,8135,329,794,-,105,-,6,2,-,109,89,48,469,2211,15,-,33,2,-,2,15,38,11,4,2,1,19,2,16,-,-,5,-,155,3653,6391,289,626,-,71,-,7,3,1,156,57,50,320,1613,15,1,31,1,-,2,11,9,-,4,-,1,15,4,7,-,-,3,-,108,2986,4463,247,525,-,80,1,3,2,-,81,42,29,236,904,11,1,29,1,-,1,23,41,-,1,-,1,4,-,8,-,-,2,-,117,2073
"특별경제범죄",소계,68026,1990,3606,30,3178,48,250,467,50,1957,933,591,8323,15657,788,289,58,115,15,781,99,56,116,4467,437,66,107,74,1,-,17,135,2,950,22373,78155,2489,4558,12,3618,58,326,613,58,2145,997,567,8446,14331,777,301,44,100,21,902,78,62,134,3454,525,122,103,12,3,-,7,149,4,754,32385,71019,2379,3974,25,4379,94,448,1103,71,2798,1159,883,9745,12863,1141,300,51,175,47,1369,91,59,126,3203,763,88,110,4,3,-,10,151,4,285,23118,72908,1885,3093,19,4256,99,447,1105,129,2391,877,493,7483,12496,725,362,41,203,38,117,62,55,171,3011,623,110,110,12,4,-,4,111,3,249,32124,86329,2374,5509,23,4588,58,430,1152,44,2148,880,447,6918,12243,756,303,38,236,32,136,47,89,221,2478,661,87,100,7,6,-,8,146,5,399,43760,65025,1620,2050,9,3941,51,343,1114,24,1941,906,446,6309,10239,584,302,35,179,28,142,42,57,132,1713,635,87,95,9,2,1,2,174,3,230,31580,53356,1162,1580,7,3988,52,272,1029,22,1626,541,424,5947,8087,507,297,26,153,13,127,40,66,180,1580,568,79,110,10,3,-,7,156,-,162,24535,53994,1348,1560,29,4973,86,390,1434,50,2102,882,756,10373,9162,449,386,23,205,25,348,57,90,253,2012,879,106,111,18,3,1,3,200,3,179,15498,51400,1411,1370,38,5251,83,430,1384,61,2321,991,749,9263,8625,503,339,28,226,34,353,59,77,192,1918,907,96,134,14,6,-,6,234,4,152,14141,47826,1471,1068,31,4856,38,500,1424,59,2092,821,664,8417,7713,497,409,39,215,33,478,53,78,97,1068,791,82,117,11,2,-,4,216,2,127,14353,40708,1278,874,28,4104,50,373,1381,58,2187,686,604,4825,5978,517,355,25,191,17,381,38,57,80,650,564,50,112,10,2,-,5,187,4,91,14946,48615,1407,943,23,4222,40,337,1331,52,2166,810,549,5888,6552,519,285,30,159,22,419,43,93,70,550,539,64,81,12,5,-,3,183,4,83,21131
"마약범죄",소계,4160,208,866,11,1068,-,-,3,-,64,20,595,169,165,4,3,4,36,-,106,4,22,5,12,84,5,83,1,1,-,7,57,35,17,505,4268,214,697,8,1177,1,-,2,1,45,23,645,167,190,7,3,3,51,1,122,-,22,2,8,110,4,79,4,-,-,7,52,31,18,574,4598,410,807,9,1180,-,1,3,-,39,24,544,141,177,6,4,2,37,3,147,1,24,2,14,196,-,123,1,7,-,3,49,34,12,598,4825,357,891,7,1307,1,1,5,-,41,23,574,144,231,15,3,4,72,5,102,3,21,3,26,97,1,116,-,-,-,3,43,29,13,687,6411,455,1155,11,1676,-,5,9,-,53,18,863,203,247,10,3,3,84,4,156,6,27,2,19,94,2,164,3,-,-,-,74,52,14,999,7329,635,1446,22,1746,1,2,14,2,81,28,1059,205,263,22,5,-,100,1,169,6,11,3,40,182,4,218,21,-,-,3,113,56,20,851,7501,589,1594,10,1745,3,2,22,-,70,28,1091,198,212,23,3,7,68,2,189,-,28,3,73,143,3,223,27,-,-,5,118,54,11,957,6513,622,1350,13,1288,1,4,23,-,58,17,804,182,195,17,1,3,58,4,162,-,14,6,118,144,5,227,1,1,1,4,74,29,8,1079,8038,836,1674,16,1774,1,2,25,-,77,30,818,221,209,42,2,5,59,5,144,4,26,3,198,195,6,238,2,1,1,2,110,35,16,1261,9186,883,1982,5,1771,4,4,52,-,139,36,849,221,207,67,1,3,54,5,174,3,17,3,221,350,3,336,-,1,-,4,104,31,11,1645,8088,963,1430,7,1719,-,1,17,-,98,30,934,148,152,67,2,6,55,1,127,1,17,7,52,311,3,278,-,-,1,-,90,26,5,1540,10331,1209,1938,6,1880,-,2,20,-,70,31,920,314,173,46,-,4,52,4,112,4,19,6,151,243,2,402,5,2,-,6,102,30,10,2568
"보건범죄",소계,14083,188,268,2,501,1,36,7,9,1405,828,253,4353,1109,146,10,16,4,-,152,3,14,4,1,989,10,84,1,4,-,21,16,2,29,3617,16800,197,721,1,484,5,124,6,8,2662,460,244,3126,1330,1447,3,24,7,1,120,-,30,12,2,951,23,62,11,-,-,11,19,-,40,4669,20383,240,311,3,833,8,859,21,22,2555,1389,333,5091,3754,484,4,130,20,3,196,16,25,13,5,950,16,76,8,-,-,6,34,-,19,2959,14657,278,290,5,750,3,142,10,18,2008,650,260,3351,1650,216,7,45,13,1,6,12,18,11,2,1168,12,95,2,1,1,2,25,1,11,3593,14602,288,279,1,764,-,237,20,19,1320,601,485,2960,1455,263,4,87,4,2,469,4,27,6,4,1167,7,98,3,-,2,3,33,-,10,3980,14662,836,266,5,656,4,134,65,16,1190,481,205,3074,1500,223,5,94,16,2,6,2,25,2,4,1096,10,148,495,2,-,6,25,2,40,4027,12561,684,309,3,699,-,47,56,5,873,592,148,2266,1366,139,2,47,12,2,3,19,18,5,8,1373,17,105,1,-,-,2,32,-,9,3719,11033,662,293,3,646,3,78,21,4,875,459,248,2796,984,56,2,4,7,-,3,20,16,4,5,1419,10,110,-,1,1,5,19,-,7,2272,12570,1021,332,4,746,2,92,29,3,948,594,165,3325,1054,155,2,16,6,-,4,29,16,8,2,1544,3,53,-,4,-,3,26,-,21,2363,14595,1083,638,3,983,4,75,41,5,865,475,280,3975,1041,101,1,19,11,4,4,15,20,10,3,1161,76,60,287,-,-,2,22,-,64,3267,16936,1426,874,5,919,1,59,52,1,780,454,164,5865,841,384,3,4,9,-,7,29,49,7,7,964,59,85,2,-,1,2,15,-,41,3827,17749,958,423,2,1337,-,33,54,1,851,419,159,7441,671,48,1,7,15,-,4,70,47,9,4,977,13,113,-,-,-,2,19,1,150,3920
"환경범죄",소계,2649,4,15,2,286,-,1,1,-,16,8,2,47,60,531,175,69,33,-,12,4,-,1,-,1,1,366,224,-,-,29,1,-,1,759,3128,6,26,2,217,1,1,-,-,29,1,6,33,66,628,160,8,43,-,19,1,5,6,1,5,1,198,705,1,-,28,2,-,-,929,4135,7,26,-,321,1,-,-,-,37,4,5,53,634,961,258,10,19,-,18,7,1,4,-,12,3,253,321,-,-,11,4,-,-,1165,2536,5,26,1,245,-,-,-,-,29,5,6,56,102,739,184,15,10,-,10,3,1,1,-,72,-,201,205,-,-,12,4,-,-,604,2955,1,23,1,272,-,-,-,-,37,9,34,67,110,699,177,10,11,-,25,-,1,1,-,41,-,224,543,-,-,11,3,-,-,655,4349,11,24,2,322,-,-,-,-,29,7,18,63,144,814,347,13,18,-,11,3,3,4,-,10,-,244,1508,1,-,20,9,-,-,724,4879,12,25,4,369,-,-,-,-,50,14,7,71,171,846,422,11,16,-,13,4,3,1,-,13,2,261,1637,2,-,20,3,-,-,902,4791,8,19,4,422,-,-,-,-,33,13,7,74,161,751,430,10,15,-,8,5,10,4,-,13,1,275,633,-,-,19,8,-,-,1868,3877,8,35,4,520,-,-,-,-,44,9,2,190,173,818,448,31,5,-,20,9,4,2,-,21,2,326,324,1,-,27,7,-,-,847,3568,11,14,2,589,-,6,-,-,20,4,4,4,140,694,368,26,3,-,10,3,4,3,-,8,-,305,389,2,-,10,7,-,-,942,3656,12,19,3,599,1,1,-,-,43,5,5,2,168,832,262,24,6,1,18,13,5,2,-,7,1,228,170,-,-,13,9,-,-,1207,3477,12,19,2,628,-,-,-,1,33,8,6,4,111,581,270,17,12,-,146,8,5,3,-,9,-,204,183,-,-,15,2,-,-,1198
"교통범죄",소계,536167,134,40,2133,524351,-,6,2,2,42,62,10,15,161,8,14,2,23,-,77,-,9,20,-,23,5,39,228,1,-,8,706,-,6,8040,542784,80,18,3052,526938,2,3,3,1,32,40,9,8,69,7,19,-,23,-,49,4,6,8,2,11,1,26,179,-,-,6,952,-,-,11236,573453,134,33,2519,567776,2,4,1,1,58,44,8,15,79,17,25,3,14,-,49,2,11,9,-,11,4,40,114,1,-,4,1593,1,-,881,573493,105,34,2578,562472,1,3,1,1,38,55,6,5,76,14,30,1,14,-,39,2,12,10,2,14,2,49,100,-,-,3,1617,-,-,6209,596665,124,41,2727,584632,-,3,5,-,45,102,10,11,191,16,20,3,16,-,47,-,14,9,-,16,4,63,118,2,-,4,1901,-,-,6541,600401,96,40,3516,587582,1,5,5,-,39,80,4,9,83,7,19,2,16,1,56,4,5,3,1,12,-,60,97,-,-,6,1592,-,-,7060,501162,80,36,4881,488787,-,3,3,-,30,55,4,7,56,8,33,2,9,-,51,5,12,2,-,9,3,48,103,-,-,4,1115,1,-,5815,408371,101,34,4408,401095,1,2,3,3,32,103,10,8,73,110,30,6,11,-,77,6,8,9,1,11,4,54,213,-,-,4,797,-,-,1157,377354,104,27,5163,369771,-,2,6,2,42,91,5,10,76,28,18,5,9,1,91,-,10,11,-,7,1,44,125,-,-,3,768,1,-,933,348725,114,45,4154,342058,-,1,4,1,29,59,4,19,63,31,23,2,39,1,60,3,13,6,1,11,3,49,119,3,-,4,826,-,-,980,308634,105,38,5327,300530,1,1,4,-,36,79,7,14,74,9,21,3,7,-,63,4,9,4,1,3,3,56,132,1,-,1,769,-,-,1332,241029,106,37,7471,230183,-,2,3,-,48,53,7,14,76,10,21,1,10,4,62,3,6,6,-,7,1,51,64,-,-,3,692,-,-,2088
"노동범죄",소계,1584,13,29,-,137,-,1,-,-,8,13,7,355,499,42,8,-,48,-,13,2,-,1,1,1,1,6,3,-,-,-,3,-,5,388,1391,20,27,-,102,-,-,2,-,43,7,1,216,481,33,17,-,2,-,17,2,-,3,2,2,-,2,14,-,-,-,-,-,18,380,1721,18,20,1,109,-,-,2,-,2,9,8,282,538,31,18,-,401,-,22,-,-,2,-,4,1,2,11,-,-,-,-,-,1,239,1308,10,12,-,76,-,1,4,-,4,8,13,154,424,93,21,-,326,-,1,-,-,3,1,3,-,2,3,-,-,-,-,-,-,149,1145,4,3,-,108,-,-,3,-,4,4,4,167,529,42,23,-,2,-,2,1,-,2,1,6,-,2,6,-,-,-,1,-,-,231,2457,7,27,-,57,1,-,5,-,6,8,9,166,1571,45,51,-,4,-,6,-,-,-,2,5,-,4,69,-,-,-,1,-,-,413,2862,16,10,-,58,-,5,3,-,11,3,6,141,1956,72,56,-,-,-,10,6,-,-,1,10,1,1,8,-,-,-,1,-,2,485,1883,12,19,-,58,2,4,2,-,9,4,5,155,615,34,25,-,4,-,5,-,2,4,-,4,-,14,13,-,-,-,-,-,-,893,975,3,12,-,40,-,-,2,-,4,2,5,127,126,14,11,-,1,-,7,-,-,3,-,3,-,8,460,-,-,-,-,-,-,147,356,8,8,-,23,-,-,1,-,4,1,3,53,98,13,7,-,1,-,9,-,-,1,-,2,1,2,14,-,1,-,-,-,-,106,406,3,5,-,21,-,-,1,-,1,4,10,44,134,19,7,-,-,1,1,-,-,4,-,3,-,3,4,-,-,-,-,-,-,141,714,2,1,1,26,-,-,3,-,5,2,2,37,124,14,6,-,-,-,10,1,-,-,-,3,-,6,277,-,-,-,-,-,-,194
"안보범죄",소계,131,10,18,-,14,-,-,-,-,1,-,-,3,14,-,-,-,2,1,1,-,-,5,-,-,-,-,-,1,-,-,-,-,4,57,109,8,13,-,4,-,1,-,-,-,-,4,-,19,-,-,-,-,-,1,-,-,3,-,-,-,-,-,-,-,-,-,-,3,53,135,5,9,-,19,-,-,-,-,-,-,2,2,18,-,-,-,4,-,-,-,-,6,-,-,2,-,1,-,-,-,-,-,3,64,84,6,9,-,7,-,1,-,-,1,-,-,3,14,1,1,-,2,-,-,-,-,-,-,-,-,1,-,1,-,-,-,-,1,36,121,3,10,-,25,-,-,1,1,-,-,3,2,15,-,-,-,2,-,-,-,-,2,-,-,1,-,-,-,-,-,-,-,1,55,81,7,4,-,11,-,-,-,-,-,-,1,1,22,1,-,-,-,-,1,-,-,2,-,-,-,-,-,1,-,-,-,-,2,28,98,4,14,-,10,-,-,-,-,-,1,-,2,20,-,-,-,-,-,-,-,2,2,-,-,1,-,-,3,-,-,-,-,3,36,69,6,5,-,15,-,-,-,-,1,-,2,1,7,-,-,-,1,-,-,-,1,1,1,-,3,-,-,1,-,-,-,-,1,23,169,6,8,-,33,-,-,-,-,-,-,-,2,27,-,-,-,-,-,-,-,-,-,-,-,-,2,-,-,-,-,-,-,-,91,216,3,7,-,42,-,-,-,-,1,-,-,1,56,-,-,-,2,-,-,1,-,-,3,-,1,-,-,-,-,-,-,-,-,99,206,2,6,-,32,-,-,1,-,-,-,3,4,49,2,-,-,-,-,2,-,-,1,3,-,-,-,1,-,-,-,-,-,1,99,219,3,7,1,30,-,-,1,-,1,-,3,3,76,-,-,-,1,1,1,-,-,1,3,-,3,-,-,-,-,-,-,-,-,84
"선거범죄",소계,212,9,13,-,31,-,-,-,-,-,4,1,14,62,-,-,-,1,-,-,1,2,2,4,-,1,-,-,-,-,-,3,-,4,60,1262,37,31,-,292,1,1,-,1,8,18,6,89,353,-,2,-,10,2,4,1,4,21,5,7,8,2,-,1,-,-,6,-,7,345,398,14,15,-,136,-,-,-,-,2,2,1,13,83,-,-,-,1,-,1,1,3,12,2,2,1,-,-,-,-,1,-,-,1,107,1874,101,76,-,358,1,1,1,-,19,18,6,121,591,3,-,-,4,1,3,5,18,12,14,2,18,2,-,-,-,-,7,-,1,491,760,5,141,-,102,-,1,-,-,6,8,4,59,186,-,-,2,1,-,4,1,5,2,24,6,3,6,-,-,-,1,-,-,-,193,1018,26,26,-,202,2,-,-,-,8,10,3,66,294,1,-,-,8,4,2,2,6,12,4,2,9,2,-,-,-,-,1,1,-,327,640,8,18,-,256,-,-,-,-,2,8,1,10,125,-,-,1,5,-,2,-,4,20,1,2,3,2,-,-,-,-,-,-,-,172,1897,58,70,1,421,-,3,-,-,13,16,8,129,508,2,-,1,4,1,1,10,16,11,7,1,10,-,-,-,-,-,5,-,1,600,611,7,79,-,85,-,-,-,-,4,2,-,53,164,1,-,1,-,-,4,1,4,2,16,6,5,3,-,-,-,-,4,-,-,170,829,17,19,-,264,-,-,-,-,3,15,1,36,181,-,-,-,13,1,1,1,9,11,1,2,35,-,-,-,-,-,4,-,-,215,274,6,6,-,101,-,-,-,-,3,-,-,7,54,-,-,-,1,-,-,1,-,1,1,-,3,-,-,-,-,-,-,-,-,90,2969,79,76,-,999,-,2,1,1,7,19,3,71,527,-,-,1,12,2,2,6,20,27,1,1,17,1,-,-,-,-,10,1,-,1083
"병역범죄",소계,20587,1511,5216,-,628,1,-,-,-,8,5,88,8,1634,10,-,-,7,2,3,-,49,18,9,15,3,27,-,4296,-,16,-,-,12,7021,23143,1692,5327,1,619,-,2,-,1,20,10,40,10,1917,2,1,-,9,4,1,5,88,17,4,13,2,25,-,4476,-,9,1,-,7,8840,26173,2004,6044,-,776,-,2,-,-,27,8,59,7,1978,6,1,-,16,4,2,9,72,24,6,24,1,37,-,5679,-,13,1,-,2,9371,21549,1725,4789,-,723,1,-,1,-,43,8,62,5,1967,1,-,-,9,1,4,13,59,15,1,15,5,25,-,4255,-,7,-,-,-,7815,18726,1595,4267,4,551,-,-,-,-,25,7,30,7,1555,4,-,-,16,2,1,2,66,6,-,28,1,18,-,3433,-,1,1,-,2,7104,16651,1468,3663,1,511,-,-,-,-,16,3,53,3,1454,2,-,-,11,-,-,2,40,19,1,11,1,10,-,2945,-,1,-,-,2,6434,15327,1505,3344,-,568,-,-,-,-,18,4,50,3,1252,6,1,-,10,1,-,5,47,16,-,10,2,8,-,2508,-,10,-,-,2,5957,14271,1367,3083,-,572,-,1,-,-,11,5,69,3,1183,8,1,-,11,3,-,6,43,15,2,12,3,7,-,2369,-,8,1,-,-,5488,12712,1373,2441,-,463,1,-,-,-,12,5,33,4,1123,6,-,-,3,3,-,3,54,15,1,6,-,8,-,1941,-,8,1,-,-,5208,3845,345,672,-,148,-,-,-,-,4,1,10,2,426,1,-,-,1,1,1,-,9,8,-,3,-,-,1,401,-,3,-,-,-,1808,1823,128,244,1,76,-,-,-,-,1,-,5,-,248,5,-,-,3,1,1,-,6,10,-,4,-,1,-,76,-,-,-,-,-,1013,4638,317,411,-,212,-,-,-,-,21,3,22,-,352,2,-,-,5,-,2,1,6,15,-,7,-,-,-,405,-,1,-,-,-,2856
"기타범죄",소계,176357,6648,9458,2201,23074,54,852,696,55,4742,1981,2691,18173,20015,4942,1164,724,2592,42,2186,575,468,630,240,1339,509,2619,13164,28,3,318,1299,197,2932,49746,174267,6823,9327,644,22006,47,588,716,48,2963,1494,1872,13851,19888,3759,1225,478,774,71,2531,590,399,864,255,1531,464,2581,10877,25,7,192,1425,198,1592,64162,188956,9317,11368,415,32554,58,968,1398,61,4236,2243,2566,19425,24272,3592,2238,1085,5387,92,3090,471,587,1106,392,1585,661,2671,14135,40,13,160,1310,267,2099,39094,180526,9563,10863,1078,32824,67,650,1267,88,3297,2029,2135,16076,23997,2563,1186,495,1890,86,536,368,543,970,322,1645,513,2755,4723,47,17,141,1236,84,1325,55147,216197,10490,12185,931,37658,49,633,1548,66,3388,1996,2063,15015,24095,2664,1313,1145,2152,172,1079,378,674,1098,558,1811,479,2974,13998,48,20,131,1414,80,2016,71876,260539,13056,12469,640,65372,66,637,1695,59,2959,1722,4754,15951,24860,2301,1825,759,680,128,1452,250,641,1159,605,1869,488,2970,13249,71,21,74,1827,115,1577,84238,234871,12270,12239,981,51045,75,636,1685,55,3109,1730,3782,15373,24109,2878,2350,487,1193,107,1770,322,676,1302,530,1850,534,3403,12878,80,30,95,1724,147,1075,74351,221862,14476,14420,987,41158,81,835,2021,54,3314,1920,3386,18242,25287,2870,2012,508,1189,182,1166,290,712,1685,454,2051,855,3070,14077,104,36,109,1540,195,1362,61214,240168,16672,15780,930,42567,96,819,1999,59,3559,1818,2991,18298,26264,2486,1552,536,2059,198,3299,325,814,1881,407,2248,822,3240,18902,137,24,122,1662,197,1339,66066,241829,17930,15522,1267,43020,94,687,1925,68,3224,1548,2535,14713,23364,2210,1323,463,1919,197,1006,303,874,1493,264,2081,566,2842,24156,131,28,90,1673,212,1361,72740,243082,23270,16456,1225,44243,77,588,1871,67,2620,1336,2766,11028,20274,1742,1067,338,3218,173,1743,259,737,1759,209,1826,510,2782,15713,125,33,72,1791,172,943,82049,267964,25525,16484,1195,48616,96,569,2150,82,2849,1400,2742,13059,19087,1542,1178,2130,4599,217,2972,344,896,2171,225,2112,413,2515,20344,325,32,72,2115,196,987,88725
