"죄종별(1)",죄종별(2),2011,2011,2011,2011,2011,2011,2011,2011,2012,2012,2012,2012,2012,2012,2012,2012,2013,2013,2013,2013,2013,2013,2013,2013,2014,2014,2014,2014,2014,2014,2014,2014,2015,2015,2015,2015,2015,2015,2015,2015,2016,2016,2016,2016,2016,2016,2016,2016,2017,2017,2017,2017,2017,2017,2017,2017,2018,2018,2018,2018,2018,2018,2018,2018,2019,2019,2019,2019,2019,2019,2019,2019,2020,2020,2020,2020,2020,2020,2020,2020,2021,2021,2021,2021,2021,2021,2021,2021,2022,2022,2022,2022,2022,2022,2022,2022
"죄종별(1)",죄종별(2),계,일요일,월요일,화요일,수요일,목요일,금요일,토요일,계,일요일,월요일,화요일,수요일,목요일,금요일,토요일,계,일요일,월요일,화요일,수요일,목요일,금요일,토요일,계,일요일,월요일,화요일,수요일,목요일,금요일,토요일,계,일요일,월요일,화요일,수요일,목요일,금요일,토요일,계,일요일,월요일,화요일,수요일,목요일,금요일,토요일,계,일요일,월요일,화요일,수요일,목요일,금요일,토요일,계,일요일,월요일,화요일,수요일,목요일,금요일,토요일,계,일요일,월요일,화요일,수요일,목요일,금요일,토요일,계,일요일,월요일,화요일,수요일,목요일,금요일,토요일,계,일요일,월요일,화요일,수요일,목요일,금요일,토요일,계,일요일,월요일,화요일,수요일,목요일,금요일,토요일
"계",소계,1752598,206872,251661,261151,257864,260594,271837,242619,1793400,215700,253581,266854,261605,267294,279603,248763,1857276,219141,270664,275886,273680,272350,290897,254658,1778966,215214,254123,264981,261407,260482,275787,246972,1861657,224673,268439,275971,275298,272951,287124,257201,1849450,229170,262770,273655,270657,273068,285209,254921,1662341,205729,237218,244294,244731,248464,254521,227384,1580751,186472,231545,235026,234332,237403,247568,208405,1611906,185520,242481,241591,240590,241974,251352,208398,1587866,178396,240514,240631,237590,239912,248331,202492,1429826,155229,221260,218555,217179,217785,221779,178039,1482433,163152,223326,225417,223678,226820,234383,185657
"강력범죄",소계,26699,3912,3604,3844,3715,3742,3790,4092,25152,3793,3297,3487,3534,3406,3602,4033,26962,3997,3704,3713,3766,3744,3776,4262,25277,3758,3312,3643,3476,3494,3578,4016,25334,3907,3494,3436,3464,3350,3613,4070,25765,3931,3385,3475,3416,3456,3902,4200,27274,4134,3558,3643,3720,3807,4037,4375,26787,4154,3529,3619,3693,3659,3834,4299,26476,4081,3519,3607,3634,3445,3880,4310,24332,3637,3320,3121,3402,3312,3644,3896,22476,3251,3267,2953,3119,3127,3228,3531,24954,3596,3445,3420,3403,3411,3653,4026
"강력범죄",살인기수,427,67,68,59,68,51,62,52,411,53,61,62,59,63,59,54,342,46,66,52,66,41,34,37,372,47,59,68,56,49,45,48,365,41,60,58,59,59,39,49,356,50,55,43,61,40,54,53,301,30,51,42,43,57,45,33,309,54,40,38,53,41,54,29,297,38,45,48,40,37,49,40,308,58,53,53,43,30,42,29,270,39,34,38,32,37,52,38,275,32,43,43,46,39,37,35
"강력범죄",살인미수등,777,122,112,122,108,99,102,112,584,88,78,96,82,81,79,80,587,101,81,81,79,90,78,77,541,73,74,85,82,87,74,66,564,94,80,65,101,85,68,71,558,91,86,78,81,70,81,71,524,74,76,78,73,67,73,83,488,72,74,62,68,76,67,69,482,71,70,68,62,73,85,53,416,57,68,50,60,62,51,68,388,53,64,56,55,48,59,53,427,65,62,76,54,57,58,55
"강력범죄",강도,3994,539,558,588,604,545,597,563,2587,361,358,357,363,399,359,390,1980,285,296,275,288,286,290,260,1586,220,240,209,225,231,226,235,1446,229,223,205,183,205,206,195,1149,167,157,166,165,163,175,156,967,151,123,139,142,139,142,131,821,126,120,133,116,117,101,108,798,111,113,116,105,124,121,108,663,77,118,98,103,105,84,78,495,84,53,68,72,66,88,64,516,82,80,91,64,58,73,68
"강력범죄",강간・강제추행,19498,2875,2572,2758,2680,2788,2758,3067,19670,2975,2515,2711,2774,2613,2842,3240,-,-,-,-,-,-,-,-,-,-,-,-,-,-,-,-,-,-,-,-,-,-,-,-,-,-,-,-,-,-,-,-,-,-,-,-,-,-,-,-,-,-,-,-,-,-,-,-,-,-,-,-,-,-,-,-,-,-,-,-,-,-,-,-,-,-,-,-,-,-,-,-,-,-,-,-,-,-,-,-
"강력범죄",강간,-,-,-,-,-,-,-,-,-,-,-,-,-,-,-,-,5753,925,759,800,711,767,819,972,5078,789,628,697,673,680,746,865,5151,875,670,691,683,629,699,904,5155,873,655,701,655,615,760,896,5223,890,690,667,680,665,757,874,5293,906,698,709,743,646,699,892,5310,869,686,734,719,682,722,898,5313,909,699,667,712,701,760,865,5263,878,773,656,654,706,695,901,5467,869,770,728,718,681,772,929
"강력범죄",유사강간,-,-,-,-,-,-,-,-,-,-,-,-,-,-,-,-,132,22,15,15,18,17,19,26,375,65,46,53,47,44,45,75,518,92,58,67,76,54,66,105,583,86,67,93,82,65,82,108,636,107,81,79,82,67,116,104,776,127,113,103,96,99,99,139,782,145,99,109,92,89,112,136,823,118,96,100,135,112,111,151,814,125,139,93,122,106,100,129,947,145,131,123,137,125,129,157
"강력범죄",강제추행,-,-,-,-,-,-,-,-,-,-,-,-,-,-,-,-,14778,2075,1999,2075,2118,2079,2096,2336,14611,2126,1901,2129,2042,2045,2071,2297,15059,2237,2059,2040,2058,2027,2229,2409,16054,2373,2091,2122,2128,2228,2471,2641,17947,2619,2309,2404,2467,2565,2685,2898,17053,2564,2197,2263,2333,2389,2547,2760,17120,2580,2272,2306,2358,2231,2542,2831,15344,2185,2068,1964,2152,2082,2390,2503,13962,1862,1994,1844,2025,1988,2071,2178,15864,2185,2163,2153,2214,2223,2359,2567
"강력범죄",기타 강간·강제추행등,-,-,-,-,-,-,-,-,-,-,-,-,-,-,-,-,1647,273,221,200,228,229,220,276,991,159,131,165,130,125,128,153,558,93,76,78,81,65,75,90,408,62,56,61,51,52,58,68,304,46,35,38,45,38,38,64,356,49,51,48,49,45,55,59,325,58,53,45,49,39,43,38,237,32,38,25,36,28,31,47,238,46,37,41,28,35,27,24,225,32,36,29,29,31,35,33
"강력범죄",방화,2003,309,294,317,255,259,271,298,1900,316,285,261,256,250,263,269,1743,270,267,215,258,235,220,278,1723,279,233,237,221,233,243,277,1673,246,268,232,223,226,231,247,1502,229,218,211,193,223,221,207,1372,217,193,196,188,209,181,188,1691,256,236,263,235,246,212,243,1362,209,181,181,209,170,206,206,1228,201,180,164,161,192,175,155,1046,164,173,157,131,141,136,144,1233,186,160,177,141,197,190,182
"절도범죄",소계,281362,37476,39466,39737,39674,39233,42692,43084,290460,40168,39237,39930,40306,40576,44051,46192,288343,38781,40199,39239,40451,40372,43634,45667,266222,36895,35699,36970,36689,36805,40471,42693,245853,33217,34039,33443,34908,33668,37363,39215,203037,28759,27683,27628,27861,27809,30852,32445,183757,25926,25011,24799,25147,25746,27505,29623,176809,24832,24354,24278,24761,24400,26398,27786,186957,25466,26239,25671,26061,26098,28156,29266,179517,23771,25196,25170,25538,24974,27311,27557,166409,21687,23429,23455,23743,23989,25209,24897,182270,23632,25210,25444,26203,26137,28133,27511
"폭력범죄",소계,311945,47622,40418,43334,42204,42717,45282,50368,312579,47711,39735,43433,42602,42707,45433,50958,294188,44559,38061,40809,40144,39997,42296,48322,290079,44493,36973,39715,39639,39506,42107,47646,305947,47819,39167,41612,41723,41579,43768,50279,309394,49257,39421,41387,41931,41575,44580,51243,293086,47177,37706,39341,39632,39162,41918,48150,287611,45412,37497,39345,38608,38576,41040,47133,287913,45295,38034,38553,38905,39086,41198,46842,265768,40886,34826,36106,36525,36065,38614,42746,232661,33800,32003,31961,31823,31739,34121,37214,245286,37058,33005,33201,33337,33329,35716,39640
"폭력범죄",상해,67206,9933,8848,9572,9163,9502,9828,10360,62342,9006,8159,8914,8754,8869,9077,9563,55884,8173,7402,8028,7819,7764,7995,8703,50281,7462,6537,7217,6888,7013,7236,7928,48005,7187,6318,6773,6668,6566,6932,7561,50028,7820,6594,6886,6853,6770,7161,7944,44611,7070,5882,6221,6219,5923,6357,6939,39766,6105,5326,5649,5395,5396,5628,6267,36858,5693,4908,5063,5038,5110,5270,5776,32904,4926,4431,4635,4488,4533,4785,5106,28453,3983,4025,3915,3988,3931,4165,4446,26806,4124,3655,3689,3567,3584,3947,4240
"폭력범죄",폭행,126651,19137,15932,17719,17246,17554,18664,20399,130546,19997,16075,18124,17933,17857,18946,21614,128699,19611,16191,17836,17643,17363,18549,21506,132920,20924,16507,17984,18258,17897,19132,22218,149278,23780,18515,20048,20088,20354,21334,25159,165803,27162,20470,21793,22403,22168,23728,28079,159641,26517,19983,21358,21317,21073,22540,26853,159267,25977,20195,21334,21160,21181,22423,26997,157197,25865,19966,20766,20981,21080,22045,26494,139361,22361,17420,18563,18976,18718,20075,23248,115942,17532,15392,15694,15691,15406,16925,19302,125217,19627,16214,16533,16943,16937,17924,21039
"폭력범죄",체포・감금,832,99,114,131,112,133,131,112,876,114,134,140,127,130,114,117,929,131,132,149,121,134,145,117,945,106,136,170,145,110,136,142,1028,126,147,157,165,152,140,141,1318,175,208,191,209,179,188,168,1439,197,224,194,203,216,211,194,1207,162,168,189,180,192,165,151,1243,180,189,170,171,169,196,168,1209,166,165,162,174,187,179,176,1165,164,183,180,170,176,155,137,1145,159,189,168,163,174,153,139
"폭력범죄",협박,3578,394,585,546,514,534,521,484,4480,586,685,676,620,660,705,548,4661,497,749,710,741,669,700,595,5187,628,779,784,780,774,788,654,9187,1242,1342,1376,1323,1303,1371,1230,15870,2349,2197,2254,2268,2231,2242,2329,15499,2163,2128,2133,2252,2248,2298,2277,17200,2498,2462,2530,2474,2444,2408,2384,21022,2886,3013,3039,3072,2961,3040,3011,21214,2966,3060,3015,3065,2991,3101,3016,21058,2891,3019,3067,2940,3019,3116,3006,21567,3014,3093,3106,3019,3054,3187,3094
"폭력범죄",약취・유인,266,26,51,39,36,35,41,38,200,27,32,33,31,24,32,21,188,23,39,27,29,28,26,16,198,26,27,32,32,34,27,20,190,23,33,23,27,30,32,22,201,28,30,31,36,17,29,30,206,19,26,34,39,27,31,30,187,29,34,27,26,30,26,15,250,27,40,41,34,32,40,36,210,23,31,31,40,35,32,18,240,25,39,25,39,41,33,38,276,30,46,31,50,40,51,28
"폭력범죄",폭력행위등,46729,8087,5983,6295,6114,6120,6310,7820,46725,8036,5831,6316,6122,6045,6416,7959,41704,7105,5280,5570,5466,5470,5646,7167,37689,6338,4813,4987,4954,5051,5187,6359,35686,6158,4626,4760,4788,4647,4808,5899,13302,2445,1586,1685,1667,1654,1845,2420,11255,2174,1402,1339,1447,1333,1522,2038,9204,1705,1175,1205,1088,1163,1206,1662,8350,1544,1126,1100,1086,1001,1063,1430,7398,1317,975,931,1008,919,960,1288,6484,1020,907,847,839,857,901,1113,6745,1186,883,891,832,835,915,1203
"폭력범죄",공갈,5239,727,780,713,752,774,724,769,6698,809,957,986,953,1016,1043,934,4310,490,682,592,585,664,724,573,4862,563,705,782,683,713,743,673,3596,439,532,579,495,546,548,457,3745,413,549,573,546,566,548,550,4152,518,622,555,648,668,633,508,4096,457,685,644,604,656,593,457,4847,483,818,740,757,744,756,549,5281,538,915,885,820,781,759,583,5131,552,877,844,789,780,722,567,6904,667,1207,1171,1079,1026,1001,753
"폭력범죄",손괴,61444,9219,8125,8319,8267,8065,9063,10386,60712,9136,7862,8244,8062,8106,9100,10202,57813,8529,7586,7897,7740,7905,8511,9645,57997,8446,7469,7759,7899,7914,8858,9652,58977,8864,7654,7896,8169,7981,8603,9810,59127,8865,7787,7974,7949,7990,8839,9723,56283,8519,7439,7507,7507,7674,8326,9311,56684,8479,7452,7767,7681,7514,8591,9200,58146,8617,7974,7634,7766,7989,8788,9378,58191,8589,7829,7884,7954,7901,8723,9311,54188,7633,7561,7389,7367,7529,8104,8605,56626,8251,7718,7612,7684,7679,8538,9144
"지능범죄",소계,279802,19160,47150,46132,46190,46204,48469,26497,295101,21334,48950,49910,48604,50237,50556,25510,329439,25279,56669,55160,53111,53760,55511,29949,298652,23301,50644,50155,48653,48444,50073,27382,316121,25517,52765,52300,51632,50774,52373,30760,312577,27222,50461,50826,51084,50809,51436,30739,302466,26875,48664,48753,48677,49578,49888,30031,344698,27392,56954,56076,56448,57746,58834,31248,381533,29037,64776,63173,62642,63327,64724,33854,424642,32442,73767,70867,69560,70131,70358,37517,361107,26069,63251,62213,59925,60576,58798,30275,405105,30173,68747,68148,66354,67742,68516,35425
"지능범죄",직무유기,377,16,60,60,69,67,76,29,496,34,81,87,96,86,73,39,555,44,106,92,85,81,97,50,577,43,121,75,97,88,112,41,507,31,99,104,85,69,81,38,531,43,99,89,91,86,94,29,504,35,98,70,99,92,78,32,581,39,105,92,92,114,103,36,590,24,108,123,106,99,102,28,730,36,152,119,134,117,123,49,957,29,200,178,166,180,165,39,1550,66,301,307,278,280,276,42
"지능범죄",직권남용,226,11,52,41,34,36,34,18,276,23,40,46,35,48,57,27,325,26,58,53,52,61,38,37,364,29,60,60,52,58,65,40,401,40,81,50,72,71,57,30,437,25,66,77,76,88,64,41,494,41,77,77,89,82,89,39,603,33,96,110,110,110,104,40,674,44,126,118,97,107,136,46,724,36,122,123,115,126,157,45,875,49,162,152,142,174,156,40,1792,75,345,344,314,370,277,67
"지능범죄",증수뢰,586,20,117,99,97,116,104,33,357,31,61,53,58,59,65,30,253,15,42,43,52,44,33,24,251,18,35,32,53,44,38,31,247,22,42,44,30,38,49,22,260,24,49,32,51,36,52,16,312,28,47,41,63,54,61,18,347,22,53,57,69,64,61,21,260,13,46,42,52,42,45,20,289,15,40,64,38,63,46,23,402,22,56,62,62,67,99,34,320,11,44,59,51,56,74,25
"지능범죄",통화,7900,184,1451,1425,1354,1425,1541,520,8203,348,1608,1542,1398,1519,1480,308,3874,119,848,725,609,685,710,178,2770,149,547,507,467,466,483,151,1822,80,368,324,331,318,311,90,1811,57,332,332,312,343,356,79,2794,113,621,481,492,471,471,145,1194,34,230,226,208,242,212,42,980,35,186,169,187,177,178,48,626,30,141,123,101,110,99,22,376,17,76,72,61,69,68,13,452,12,90,80,86,77,83,24
"지능범죄",문서・인장,14948,734,3101,2608,2522,2497,2444,1042,14393,886,2603,2468,2393,2414,2571,1058,15385,788,3002,2632,2528,2633,2759,1043,14441,756,2799,2511,2457,2494,2412,1012,14546,806,2823,2443,2465,2480,2459,1070,13295,874,2427,2232,2245,2157,2294,1066,12452,921,2152,1999,1990,2087,2129,1174,12290,673,2202,1992,1893,2710,1991,829,11343,620,2130,1971,1840,2032,1978,772,11533,570,2197,2006,1974,1956,2100,730,10472,416,2026,1959,1843,1853,1790,585,11259,484,2082,2073,1946,1985,2022,667
"지능범죄",유가증권인지,803,45,129,125,143,102,172,87,508,29,90,94,84,77,92,42,456,40,77,64,87,78,73,37,360,21,65,66,54,69,58,27,282,17,46,49,44,53,47,26,219,7,47,45,37,32,38,13,217,11,41,38,37,39,34,17,197,17,20,25,30,32,58,15,140,8,22,16,30,21,24,19,84,2,13,15,19,14,15,6,63,2,18,11,8,10,8,6,58,3,8,17,10,10,8,2
"지능범죄",사기,223470,15536,36993,36988,37171,36696,38607,21479,235366,16590,38739,40051,39195,40396,40317,20078,269082,20398,46295,45449,43920,44068,45061,23891,238409,18083,40767,40381,39182,39064,39947,20985,247293,18943,41581,41723,40939,40262,41122,22723,241613,19759,39426,40183,40326,40052,39638,22229,231489,18962,37853,38286,38155,38937,38384,20912,270029,19524,45478,45020,45399,45752,46698,22158,304472,20814,52740,51876,51225,51654,52039,24124,347675,24493,61648,59192,57917,58505,57481,28439,294075,19660,52445,51793,49687,50177,47878,22435,325848,22374,56266,55981,54397,55538,55241,26051
"지능범죄",횡령,26767,2359,4444,4041,4049,4231,4669,2974,31273,3124,4919,4866,4662,4908,5183,3611,34892,3511,5489,5293,5044,5338,5940,4277,37024,3904,5528,5729,5544,5435,6116,4768,46734,5289,6987,6852,6919,6773,7470,6444,50053,6159,7309,7087,7193,7309,8077,6919,50498,6491,7162,7141,7142,7188,7962,7412,55113,6802,7968,7793,7922,7992,8817,7819,58508,7231,8559,8128,8318,8460,9317,8495,58889,7045,8753,8497,8527,8537,9572,7958,50421,5692,7572,7367,7395,7486,8019,6890,60220,7000,8944,8623,8629,8786,9845,8393
"지능범죄",배임,4725,255,803,745,751,1034,822,315,4229,269,809,703,683,730,718,317,4617,338,752,809,734,772,800,412,4456,298,722,794,747,726,842,327,4289,289,738,711,747,710,777,317,4358,274,706,749,753,706,823,347,3706,273,613,620,610,628,680,282,4344,248,802,761,725,730,790,288,4566,248,859,730,787,735,905,302,4092,215,701,728,735,703,765,245,3466,182,696,619,561,560,615,233,3606,148,667,664,643,640,690,154
"풍속범죄",소계,28834,3030,4300,4145,4344,4454,4982,3579,24801,2932,3660,3995,3850,3772,3594,2998,27373,2883,4114,4537,4206,4155,4217,3261,24976,3068,3347,3962,3793,3775,3859,3172,24491,2902,3463,3617,3700,3677,3771,3361,26165,3011,3700,3974,3779,3902,4296,3503,22501,2825,3266,3354,3232,3221,3323,3280,20162,2564,2871,3040,2934,3057,3199,2497,21153,2529,3063,3130,3303,3204,3273,2651,22632,2979,3357,3559,3333,3140,3418,2846,23360,2914,3547,3201,3443,3635,3742,2878,27113,3542,3955,3751,3937,3993,3934,4001
"풍속범죄",성풍속범죄,13381,1269,2086,1935,2090,2169,2456,1376,14935,1628,2338,2427,2406,2298,2219,1619,19385,1972,3094,2937,3015,3130,3063,2174,16683,1997,2292,2689,2532,2560,2563,2050,16219,1832,2322,2451,2487,2507,2456,2164,12719,1501,1834,2080,1815,1970,1918,1601,13812,1709,1983,2014,1999,2134,2073,1900,14158,1737,1990,2133,2107,2184,2333,1674,13145,1614,1957,1956,2066,1900,1982,1670,14497,1879,2292,2087,2163,2060,2111,1905,16969,2274,2640,2457,2496,2495,2473,2134,22650,3023,3333,3263,3436,3340,3264,2991
"풍속범죄",도박범죄,15453,1761,2214,2210,2254,2285,2526,2203,9866,1304,1322,1568,1444,1474,1375,1379,7988,911,1020,1600,1191,1025,1154,1087,8293,1071,1055,1273,1261,1215,1296,1122,8272,1070,1141,1166,1213,1170,1315,1197,13446,1510,1866,1894,1964,1932,2378,1902,8689,1116,1283,1340,1233,1087,1250,1380,6004,827,881,907,827,873,866,823,8008,915,1106,1174,1237,1304,1291,981,8135,1100,1065,1472,1170,1080,1307,941,6391,640,907,744,947,1140,1269,744,4463,519,622,488,501,653,670,1010
"특별경제범죄",소계,68026,5467,11507,11229,10956,10916,11145,6806,78155,7200,12853,12506,12091,12492,12671,8342,71019,6609,12199,11577,10651,11006,11527,7450,72908,7461,11928,11706,11536,10981,11312,7984,86329,8919,13867,13765,13872,13451,13090,9365,65025,6113,10131,10943,10292,10365,10401,6780,53356,5379,8486,8510,8558,8576,8342,5505,53994,4589,8830,8780,8728,8730,9005,5332,51400,3948,8724,8608,8477,8432,8502,4709,47826,3883,8167,8030,7757,7603,7847,4539,40708,2996,7098,7045,6654,6774,6589,3552,48615,3828,7994,8092,8006,8176,8034,4485
"마약범죄",소계,4160,418,642,686,656,606,654,498,4268,513,626,637,623,684,649,536,4598,463,757,681,696,699,781,521,4825,538,766,740,714,717,696,654,6411,729,1082,1003,984,980,901,732,7329,786,1143,1225,1118,1088,1200,769,7501,898,1166,1116,1206,1110,1066,939,6513,748,1038,1071,986,988,989,693,8038,789,1278,1352,1219,1195,1272,933,9186,962,1591,1435,1529,1387,1370,912,8088,865,1451,1266,1175,1238,1210,883,10331,1094,1761,1677,1508,1571,1628,1092
"보건범죄",소계,14083,985,2234,2480,2333,2430,2340,1281,16800,1032,2681,2813,2781,3049,2732,1712,20383,952,3426,3541,4915,3015,2959,1575,14657,917,2503,2634,2563,2479,2276,1285,14602,983,2439,2607,2574,2460,2189,1350,14662,1076,2288,2449,2413,2487,2545,1404,12561,1075,1941,1999,2142,2106,2062,1236,11033,934,1860,1760,1672,1839,1846,1122,12570,934,2051,2096,1962,2043,2085,1399,14595,1181,2378,2338,2237,2370,2361,1730,16936,1252,2509,3072,2621,2971,2761,1750,17749,1494,2571,2881,2645,2924,2983,2251
"환경범죄",소계,2649,225,430,451,409,412,500,222,3128,186,552,552,584,579,465,210,4135,230,666,713,611,619,1050,246,2536,177,450,464,430,407,428,180,2955,205,491,536,556,471,473,223,4349,335,715,764,738,732,687,378,4879,349,807,827,868,868,774,386,4791,382,822,854,778,749,819,387,3877,168,749,696,652,653,696,263,3568,153,706,662,655,622,569,201,3656,164,654,652,673,720,646,147,3477,161,615,623,618,695,621,144
"교통범죄",소계,536167,70572,70789,75429,76779,78133,81465,83000,542784,71365,70692,76466,76301,78722,84446,84792,573453,75094,75153,79694,81327,82147,90658,89380,573493,74665,76089,80751,81707,82368,89157,88756,596665,77266,79700,84929,84795,85819,92973,91183,600401,79265,80279,85163,85277,87438,91267,91712,501162,65739,66657,69933,71558,73767,76963,76545,408371,52166,54328,57482,58184,59736,63750,62725,377354,47698,51459,53605,54509,54846,58103,57134,348725,43196,48515,50332,49712,50518,54381,52071,308634,37318,42843,44212,44706,45010,48221,46324,241029,31817,31335,33544,34202,34872,38316,36943
"노동범죄",소계,1584,88,293,270,270,294,246,123,1391,89,244,215,250,279,213,101,1721,101,269,336,316,290,266,143,1308,42,188,181,163,192,479,63,1145,60,235,208,218,202,155,67,2457,84,468,570,406,425,397,107,2862,121,577,539,563,465,459,138,1883,67,397,355,299,349,339,77,975,85,162,139,168,175,143,103,356,18,81,73,52,62,53,17,406,16,75,86,81,69,64,15,714,82,106,124,101,116,109,76
"안보범죄",소계,131,15,7,26,19,20,13,31,109,21,19,19,12,6,19,13,135,19,19,13,25,15,18,26,84,10,9,18,13,14,13,7,121,11,29,16,17,23,15,10,81,4,14,16,11,16,6,14,98,11,14,12,18,17,12,14,69,10,14,12,10,10,9,4,169,36,25,13,22,25,24,24,216,29,38,30,40,34,23,22,206,22,47,31,39,20,34,13,219,20,37,31,24,73,18,16
"선거범죄",소계,212,15,31,33,48,30,27,28,1262,129,175,195,244,189,171,159,398,37,52,43,112,48,59,47,1874,212,268,282,317,302,265,228,760,76,133,123,143,107,103,75,1018,109,159,138,224,139,145,104,640,67,69,140,69,103,114,78,1897,177,313,295,327,292,302,191,611,65,90,91,100,113,95,57,829,94,128,121,166,116,102,102,274,27,48,41,45,48,40,25,2969,272,492,454,504,468,486,293
"병역범죄",소계,20587,183,4866,5768,2881,3410,3030,449,23143,445,5698,6053,3322,3781,3387,457,26173,329,6535,7420,3574,4048,3990,277,21549,206,5174,5263,3419,3861,3444,182,18726,219,4578,4515,2744,3319,3157,194,16651,178,3854,4422,2431,2750,2760,256,15327,272,3603,4442,2377,2287,2156,190,14271,149,3612,3656,2287,2253,2197,117,12712,111,3068,3580,1940,2082,1834,97,3845,38,979,856,595,734,594,49,1823,38,436,353,286,314,339,57,4638,67,885,1068,825,974,735,84
"기타범죄",소계,176357,17704,25924,27587,27386,27993,27202,22561,174267,18782,25162,26643,26501,26815,27614,22750,188956,19808,28841,28410,29775,28435,30155,23532,180526,19471,26773,28497,28295,27137,27629,22724,216197,22843,32957,33861,33968,33071,33180,26317,260539,29040,39069,40675,39676,40077,40735,31267,234871,24881,35693,36886,36964,37651,35902,26894,221862,22896,35126,34403,34617,35019,35007,24794,240168,25278,39244,37277,36996,37250,37367,26756,241829,25127,37465,37931,36489,38844,37686,28287,243082,24810,40602,38014,38846,37555,36777,26478,267964,26316,43168,42959,42011,42339,41501,29670
